,ep_reward,avg_reward
0,-127.42579751237875,-127.42579751237875
1,-120.37975629752749,-123.90277690495313
2,-120.31778940925577,-122.70778107305402
3,-142.74935747785892,-127.71817517425524
4,-176.1596253356432,-137.40646520653283
5,-58.25462067704348,-124.21449111828461
6,-56.77301181973745,-114.57999407563501
7,-69.50594070839301,-108.94573740472975
8,-171.67741017104495,-115.91592326765368
9,-227.53396962430196,-127.0777279033185
10,-159.49112606161583,-130.02440046316372
11,-126.8176950997398,-129.75717501621173
12,-193.66173663857256,-134.6729105256241
13,-187.67408528414626,-138.45870872266138
14,-193.36382253225503,-142.11904964330097
15,-161.34838460912016,-143.32088307866468
16,-203.50020253566572,-146.86084304672357
17,-243.00813990798278,-152.20235953901573
18,-147.03970637237046,-151.93064095129756
19,-193.75710282073436,-154.0219640447694
20,-125.48378015946678,-152.66300290737405
21,-128.29290770185963,-151.55527130712338
22,-133.06729250524546,-150.75144614182435
23,-135.39807163818463,-150.11172220417268
24,-184.1877344814689,-151.47476269526453
25,-144.21835635453832,-151.19567014369812
26,-142.2390962572344,-150.8639451849402
27,-76.12324182277604,-148.19463435057722
28,-126.08445046458604,-147.4322142165775
29,-182.42961753019569,-148.59879432703147
30,-173.75451838979586,-149.41026929679805
31,-161.66124833051106,-149.79311239160157
32,-147.87082211547605,-149.7348611711129
33,-211.15403454947915,-151.54130744694723
34,-233.3327519208158,-153.87820586048633
35,-177.3291166012624,-154.5296200477301
36,-80.75604108523972,-152.53573953523036
37,-60.96810035878913,-150.12606482006086
38,-237.28853040681486,-152.36099983510582
39,13.342729428982308,-148.21840660350364
40,-46.640278833483016,-145.7408912920397
41,-2.710406335512488,-142.33540355497954
42,-138.79596179067465,-142.25309095580965
43,-121.27951855499289,-141.7764188557911
44,-20.65526361913934,-139.08483762830994
45,-203.9498952955435,-140.49494757759763
46,-12.03961774486533,-137.76185545349693
47,-116.41703920480535,-137.3171717816492
48,-107.65638959843275,-136.71184969627743
49,-117.81241021215429,-136.333860906595
50,-150.39902220346198,-136.60964838300413
51,-38.713115592483284,-134.7270227524172
52,-5.104093222162314,-132.28130710090295
53,-121.62862976700004,-132.0840352984233
54,-121.74769799674323,-131.8961018929382
55,-24.912998491320106,-129.985689332195
56,-147.23991269971427,-130.28839500530935
57,-160.4316757820707,-130.80810674283973
58,-98.4059199668345,-130.25891713646675
59,-235.85928190811362,-132.0189232159942
60,-40.05867745053312,-130.51137820344564
61,-105.4441825408831,-130.10706859598497
62,14.552569368444313,-127.81088386639085
63,-22.552591747297587,-126.16622305203003
64,-45.93366832022404,-124.93187605615609
65,-49.8680154835364,-123.79454483535882
66,-166.3127936571282,-124.42914556404196
67,10.425617131270936,-122.44598728911087
68,-10.165025603895911,-120.8187269748324
69,-36.192628428315544,-119.60978270988217
70,-278.0434928869739,-121.84124341660177
71,-353.055360833033,-125.05255060294111
72,-150.28533627596005,-125.39820520120163
73,-214.64636015821122,-126.60426134926934
74,-131.17165739762612,-126.66515996324742
75,-159.84865423773704,-127.10178488791178
76,-114.95554218171658,-126.944041476143
77,5.846012002678747,-125.24160489308117
78,-22.653621245863235,-123.94302282159741
79,39.598270050971706,-121.89875666069028
80,-129.59368015705965,-121.99375571620101
81,49.751749289949935,-119.89929833807722
82,-122.74275394011873,-119.93355683930663
83,-14.954696146431287,-118.68380849772477
84,3.871256432343163,-117.24198420442985
85,-65.15999097817607,-116.63637963203156
86,-39.495167880349264,-115.74969903718464
87,-54.772252299918705,-115.05677350607935
88,-27.238774375078172,-114.07005441471979
89,15.746335608151696,-112.62765008113234
90,9.368855663766789,-111.28702913888071
91,6.213477969624876,-110.00984971378826
92,-2.8075783777431886,-108.85713711877703
93,-12.766368638858768,-107.83489490090555
94,8.275056862342028,-106.61268488234506
95,-7.925673091290731,-105.58469517618823
96,-5.891731753189352,-104.55693266667278
97,-8.23056564056915,-103.57401055416152
98,51.25752092727269,-102.01005569071269
99,11.58385253021018,-100.87411660850347
100,32.496124380503176,-99.27489738957463
101,-7.484951023089536,-98.14594933683026
102,18.92161888203576,-96.75355525391734
103,21.292710040513853,-95.11313457873361
104,-24.63221296123558,-93.59786045498954
105,-28.85995406734922,-93.3039137888926
106,-19.60903921302159,-92.93227406282544
107,-7.0694377304028535,-92.30790903304552
108,-24.475672820586524,-90.83589165954093
109,-13.139895981707951,-88.691950923115
110,-18.531423173902937,-87.2823538942379
111,-5.651166392263676,-86.07068860716312
112,-21.041936902783306,-84.34449060980523
113,-21.155217843549423,-82.67930193539925
114,-8.875455766464583,-80.83441826774134
115,-18.02370334115831,-79.40117145506173
116,5.298883747280328,-77.31318059223227
117,-46.655348772144116,-75.34965268087387
118,-12.062952036919853,-73.99988513751937
119,24.488746151292375,-71.81742664779911
120,43.70047357413884,-70.12558411046305
121,-2.013579487003227,-68.86279082831449
122,-27.776095579104805,-67.80987885905307
123,29.718924308173435,-66.1587088995895
124,45.57859160288342,-63.86104563874596
125,10.799670124197775,-62.310865373958606
126,23.886577282847753,-60.64960863855779
127,22.03853881793701,-59.667990832150664
128,47.58474831174169,-57.931298844387385
129,19.70082639957035,-55.90999440508974
130,17.73024716972978,-53.99514674949448
131,12.597177905878288,-52.25256248713058
132,60.402645164745536,-50.169827814328364
133,28.62465650991124,-47.77204090373446
134,-1.7853073314422048,-45.456566457840715
135,54.67270567449712,-43.136548235083126
136,55.30212535452198,-41.775966570685505
137,18.20207590345941,-40.98426480806302
138,40.2444310823117,-38.20893519317175
139,89.08397583609614,-37.45152272910062
140,1.6931105454775839,-36.968188835311004
141,26.401345656738073,-36.677071315388496
142,5.907683111216976,-35.23003486636958
143,-7.999619685081589,-34.097235877670464
144,-19.36099528678791,-34.08429319434695
145,-2.589818023472394,-32.07069242162625
146,36.279919503263756,-31.587497049144954
147,-31.86716149188648,-30.741998272015767
148,-113.48078396542063,-30.800242215685643
149,-98.65714042891959,-30.608689517853296
150,6.420149494830156,-29.04049780087037
151,20.639477255777322,-28.446971872387767
152,32.365405864583444,-28.07227688152031
153,6.232364848911523,-26.793666935361195
154,-141.071677121643,-26.98690672661019
155,-5.003269155010374,-26.787809433247098
156,23.42223031515809,-25.08118800309837
157,-16.70560869655823,-23.643927332243244
158,-22.270124705263594,-22.882569379627533
159,29.0125090198898,-20.23385147034751
160,30.06518356784088,-19.532612860163766
161,-25.430252884917948,-18.732473563604113
162,-1.735407469550296,-18.89535333198406
163,-114.10256791021584,-19.81085309361324
164,-49.322739644921306,-19.84474380686022
165,35.582748708282,-18.990236164942033
166,-141.9055001986265,-18.746163230357016
167,41.72149754129913,-18.433204426256733
168,-264.30336905820764,-20.974587860799847
169,-36.539282868964676,-20.97805440520634
170,-164.43751356463133,-19.84199461198292
171,-149.65668102966498,-17.808007813949235
172,-218.44424877951212,-18.48959693898476
173,-19.159346121061645,-16.534726798613264
174,-123.71608667865839,-16.46017109142359
175,-195.2724777255981,-16.814409326302197
176,-10.15317012188684,-15.7663856057039
177,-215.3034698400157,-17.97788042413084
178,-120.48418627410082,-18.95618607441322
179,-117.38413643128109,-20.526010139235744
180,-75.25887199309388,-19.98266205759609
181,-186.25177677337862,-22.342697318229376
182,-278.42741109311476,-23.899543889759332
183,-241.61334314125102,-26.16613035970753
184,-274.8645172674141,-28.9534880967051
185,-116.19617186500236,-29.463849905573365
186,49.6372071597301,-28.57252615517257
187,-204.80885158384865,-30.072892148011874
188,-168.58260084611834,-31.48633041272227
189,8.061351137295867,-31.56318025743083
190,27.2534629518904,-31.384334184549598
191,-21.26389551455283,-31.65910791939138
192,12.651318029663798,-31.504518955317312
193,-19.34990569153065,-31.57035432584403
194,24.640206429982854,-31.406702830167617
195,-161.47118065335047,-32.942157905788214
196,53.52836537987151,-32.347956934457606
197,-9.35127557293324,-32.35916403378125
198,87.86430673968002,-31.993096175657175
199,66.27402402065971,-31.446194460752675
200,265.89448153658145,-29.112210889191893
201,-245.58437435606015,-31.493205122521594
202,273.0382302884509,-28.95203900845744
203,61.25141144104752,-28.55245199445211
204,-170.97228531986025,-30.01585271803836
205,-2.3665017677963363,-29.75091819504283
206,298.0376583610937,-26.574451219301682
207,-38.02142341255078,-26.883971076123153
208,-18.890043691967108,-26.828114784836956
209,-12.453443041156902,-26.82125025543145
210,-14.51713451924509,-26.78110736888487
211,33.95949614983203,-26.38500074346392
212,253.10823226804828,-23.6434990517556
213,185.8113725871432,-21.573833147448678
214,19.66211233034782,-21.288457466480555
215,233.27074156413184,-18.77551301742765
216,92.79131676991133,-17.90058868720134
217,213.079987592848,-15.303235323551414
218,185.59605078477017,-13.326645295334515
219,262.8521041358415,-10.943011715489025
220,224.32755622360153,-9.136740888994398
221,32.04375143348108,-8.796167579789556
222,36.5906042438985,-8.152500581559522
223,20.063282356372994,-8.249057001077528
224,19.800591807759417,-8.506836999028767
225,-14.18412943190151,-8.756674994589757
226,258.89044127312866,-6.406636354686952
227,-61.4776284807835,-7.241798027674155
228,-40.82853607311836,-8.125930871522757
229,51.31148614651593,-7.809824274053301
230,18.818819078258286,-7.798938554968015
231,226.8352787821152,-5.6565575462056445
232,279.1193783242676,-3.469390214610422
233,-26.76241049182471,-4.023260884627785
234,15.199752730897842,-3.8534102840043816
235,35.15470279580154,-4.04859031279134
236,18.834935179126802,-4.4132622145452896
237,-21.800516212543513,-4.81328813570532
238,11.192311075095276,-5.103809335777485
239,5.5625508108433195,-5.9390235860300145
240,23.685189455838696,-5.719102796926404
241,302.92702864473927,-2.953845967046391
242,270.32195890908525,-0.3097032090677095
243,29.98832968128343,0.07017628459594193
244,280.2937056570943,3.066723294034763
245,304.1938402710743,6.134559876980231
246,264.3260941180261,8.415021623127853
247,292.9580023399929,11.663273261446648
248,45.21119916284786,13.250193092729333
249,12.74041918049896,14.364168688823518
250,17.10333080854913,14.47100050196071
251,3.9601288111563377,14.3042070175145
252,306.4610983925031,17.045163942793696
253,-22.403048406210672,16.75880981024247
254,42.14786484989358,18.59100522995784
255,-19.844035803497945,18.44259756347296
256,-83.49325042524654,17.373442756068915
257,13.931137208540491,17.679810215119904
258,23.524798279763232,18.137759444970175
259,0.982895153757255,17.857463306308844
260,-7.816456227040206,17.478646908360037
261,-59.238342218294605,17.140566015026273
262,-45.448120762323995,16.70343888209854
263,-44.78608429325918,17.396603718268103
264,9.673525479421642,17.986566369511532
265,-29.383841615523323,17.336900466273477
266,271.02047173816567,21.466160185641396
267,-46.15139455895659,20.587431264638834
268,0.4030589812194165,23.23449554503311
269,-2.5134458304662672,23.574753915418093
270,12.13389764931253,25.34046802755753
271,-29.33005042096309,26.54373433364455
272,18.773991213759928,28.91591673357727
273,-15.795505592406286,28.949555138863825
274,-15.08081554097079,30.0359078502407
275,-2.5035567774627765,31.963597059722062
276,-19.177714471330546,31.87335161622762
277,287.6082972686763,36.90246928731454
278,261.5907686943023,40.72321883699857
279,289.8152606726172,44.79521280803755
280,265.1001500501287,48.198803028469776
281,279.62551490113003,52.857575945214855
282,279.92735369799396,58.44112359312595
283,157.7339247494197,62.43459627203266
284,272.1025789852006,67.90426723455882
285,6.213105172725225,69.12836000493608
286,-23.263169294031442,68.39935624039849
287,237.8934846220895,72.82637960245785
288,251.49132477936575,77.02711885871268
289,60.85093782071087,77.55501472554684
290,12.436210410442584,77.40684220013236
291,235.88562708945324,79.97833742617243
292,282.1826310013147,82.67365055588894
293,-14.251913775710165,82.72463047504715
294,3.8094408080170297,82.51632281882749
295,63.34063791085475,84.76444100446953
296,284.1804817971398,87.07096216864224
297,254.54905739859979,89.70996549835756
298,-14.718662746282305,88.68413580349792
299,24.681328474191147,88.26820884803324
300,270.69167244732876,88.3161807571407
301,243.88850277979938,93.21090952849929
302,262.96754268629263,93.1102026524777
303,-36.07120116867623,92.13697652638048
304,15.785987501710167,94.00455925459617
305,8.942647302897612,94.11765074530312
306,20.49443068144609,91.34221846850666
307,6.716396800743922,91.7895966706396
308,29.800655322599738,92.27650366078528
309,-23.27260425335139,92.16831204866334
310,2.281441713120188,92.33629781098696
311,-15.150922302649903,91.84519362646215
312,27.46143478753521,89.588725651657
313,45.59166964604162,88.186528622246
314,274.4566219005211,90.73447371794774
315,251.08076885499594,90.91257399085639
316,214.5320736257748,92.12998155941501
317,252.7404240057937,92.52658592354446
318,106.90082120017995,91.73963362769855
319,243.62595149241653,91.54737210126432
320,227.03709896117573,91.57446752864007
321,205.1921572288008,93.30595158659327
322,253.56771533496877,95.47572269750397
323,268.4823924832756,97.959913798773
324,24.66368780322135,98.00854475872761
325,18.0820655147633,98.33120670819424
326,-35.7917896328207,95.38438439913476
327,251.05354635770254,98.50969614751965
328,272.00273723010173,101.63800888055182
329,254.28541887730455,103.66774820785973
330,252.18000529840594,106.00136007006118
331,259.809970041096,106.331106982651
332,258.8430396562364,106.12834359597068
333,292.18631636872794,109.31783086457622
334,260.386734849567,111.76970068576291
335,283.46683075627897,114.25282196536769
336,290.2822490659467,116.96729510423587
337,273.23302276794374,119.91763049404076
338,253.84903048925108,122.3441976881823
339,288.4982049112876,125.17355422918673
340,247.788699685875,127.4145893314871
341,209.82735573173085,126.48359260235702
342,225.29723148126862,126.03334532807887
343,253.87262289980688,128.2721882602641
344,156.29770035589934,127.03222820725216
345,217.72620905626422,126.16755189510404
346,259.76650450592507,126.12195599898303
347,262.3293394445805,125.81566937002891
348,14.2571347421909,125.50612872582235
349,-4.49695730370118,125.33375496098034
350,-15.394391823895944,125.0087777346559
351,282.1649466540784,127.7908259130851
352,13.499657819040777,124.86121150735045
353,266.0511391330926,127.74575338274352
354,27.73893259146513,127.60166406015922
355,251.2785620961146,130.31289003915535
356,258.8374046109816,133.73619658951765
357,-223.62668620381473,131.36061835539408
358,289.7806108919367,134.02317648151583
359,59.74849399127126,134.610832469891
360,248.1861597588544,137.17085862974992
361,-95.71681528710721,136.8060738990618
362,259.5043337552088,139.8555984442371
363,283.3740932906136,143.13720022007584
364,19.68599670029241,143.23732493228454
365,259.873329010943,146.1298966385492
366,255.18626930331246,145.97155461420067
367,24.113361453044362,146.6742021743207
368,36.43345094940207,147.03450609400252
369,225.0650940607643,149.3102914929148
370,-39.70927236406088,148.79185979278108
371,237.25690915545013,151.4577293885452
372,274.14814506649,154.01147092707254
373,263.03173321099786,156.79974331510655
374,277.4325184307787,159.72487665482404
375,219.02158695828842,161.94012809218154
376,146.6521087241465,163.59842632413634
377,200.31326603112112,162.72547601176078
378,307.8003416875839,163.1875717416936
379,187.94979245243326,162.16891705949175
380,271.4811372906142,162.2327269318966
381,263.6558685917222,162.07303046880253
382,-32.52732959945122,158.94848363582807
383,240.09828643020256,159.7721272526359
384,-2.4411954625480377,157.0266895081584
385,261.8384084606877,159.58294254103805
386,12.602401118759133,159.94159824516592
387,256.4731733272459,160.1273951322175
388,286.83561581173984,160.48083804254125
389,257.74472613026217,162.44977592563677
390,223.1326315908592,164.55674013744093
391,25.691183933893427,162.45479570588535
392,44.765016105025154,160.08061955692247
393,239.45254795356627,162.6176641742152
394,13.15703573482557,162.71114012348332
395,59.1857736266073,162.66959148064083
396,300.1956924828235,162.82974358749766
397,269.9896873526709,162.98414988703834
398,245.8970417384844,165.59030693188603
399,234.86655853240094,167.69215923246816
400,228.383723303526,167.2690797410301
401,247.72026809870331,167.30739739421918
402,289.95064217350944,167.57722838909137
403,259.2349193911359,170.53028959468946
404,198.8894307043443,172.3613240267158
405,290.1755196547738,175.17365275023457
406,296.64249156821427,177.93513335910225
407,274.4163559149447,180.61213295024427
408,-192.4437574549114,178.38968882246914
409,229.14218604261424,180.91383672542878
410,268.8905697068185,183.57992800536576
411,263.76654580166166,186.36910268640884
412,282.9597051861483,188.92408539039502
413,249.69627272852196,190.9651314212198
414,277.4656592125649,190.99522179434024
415,279.5153963053632,191.27956806884396
416,301.74607957237106,192.15170812830988
417,301.6517420284695,192.64082130853666
418,281.53047458613673,194.3871178423962
419,19.034058181452608,192.14119890928654
420,270.37059133948094,192.5745338330696
421,283.08521803076616,193.35346444108927
422,256.72425177765473,193.38502980551613
423,239.55917379237127,193.0957976186071
424,31.852254420377932,193.16768328477866
425,285.5245667260901,195.8421082968919
426,22.349678692066036,196.42352298014077
427,30.849054151765387,194.2214780580814
428,78.94229857594854,192.29087367153988
429,-23.45099301888486,189.513509552578
430,14.127013463204207,187.132979634226
431,265.2686981100039,187.18756691491507
432,-2.5599296940107763,184.57353722141258
433,57.362560065700194,182.2252996583823
434,22.404543993255118,179.84547774981922
435,7.73607797081452,177.08817022196456
436,245.60550688125488,176.64140280011762
437,38.979750735623554,174.29887007979443
438,37.49505002004611,172.13533027510235
439,25.79608687701092,169.5083090947596
440,0.0407441488799094,167.0308295393896
441,38.47759231703458,165.31733190524267
442,6.0181161503882805,163.1245407519339
443,268.9778373039681,163.2755928959755
444,265.20131107061707,164.36462900312264
445,39.3594186074138,162.58096109863416
446,271.30576050332854,162.69635365860822
447,22.782675377455035,160.30088701793696
448,245.14712398737908,162.6097869103888
449,41.23480457000764,163.0671045291259
450,3.1776293460598453,163.2528247408255
451,264.9106910744999,163.0802821850297
452,42.69406514917108,163.37222625833098
453,275.7348302897109,163.4690631698972
454,280.3798903323715,165.99547274730628
455,26.467745765630312,163.74736458400142
456,236.73945631697316,163.52638510106132
457,266.95013442349637,168.4321533073344
458,243.89519934435432,167.97329919185862
459,289.09414209735155,170.2667556729194
460,268.0087745941047,170.4649818212719
461,4.224873938898696,171.46439871353195
462,35.985933426788165,169.2292147102478
463,-25.01486222575724,166.14532515508407
464,5.709712231007202,166.00556231039124
465,-6.757538098431837,163.33925363929745
466,-7.614050927753723,160.7112504369868
467,256.5473197454512,163.03559001991084
468,256.5543287247661,165.23679879766453
469,240.43948476753087,165.39054270473218
470,283.85814581416395,168.6262168865144
471,236.2482599841128,168.61613039480105
472,248.63808781424572,168.36102982227857
473,282.76999358606815,168.55841242602932
474,259.54374771449085,168.37952471886646
475,221.23122628319035,168.40162111211546
476,304.5761123065239,169.9808611479392
477,287.2155227936833,170.84988371556483
478,281.5787966591064,170.58766826528006
479,282.5198808712918,171.53336914946863
480,259.539935890484,171.41395713546734
481,283.23186252756955,171.60971707482582
482,248.73180759659047,174.42230844678627
483,265.2381871917961,174.6737074544022
484,256.4449247791905,177.26256865681955
485,265.18792513530354,177.2960638235657
486,233.66584299116687,179.5066982422898
487,236.495805386236,179.30692456287966
488,260.5212392955602,179.0437807977179
489,54.16231993198551,177.00795673573512
490,279.1377198941605,177.56800761876812
491,274.14856300202814,180.0525814094495
492,261.282055751035,182.21775180590953
493,12.43113929216807,179.94753771929558
494,-26.314777880089338,179.55281958314646
495,6.542573458687457,179.02638758146725
496,55.11242869162584,176.5755549435553
497,36.85725064519255,174.2442305764805
498,303.30106765931714,174.81827083568885
499,280.46041901358365,175.27420944050067
500,252.0426100709331,175.51079830817474
501,283.9489924488124,175.87308555167584
502,251.0020714865468,175.4835998448062
503,271.9140645765002,175.6103912966598
504,269.46525230978546,176.31614951271425
505,276.3213266396165,176.17760758256267
506,263.7198448853791,175.84838111573433
507,25.503422268947432,173.3592517792743
508,79.89567019951076,176.08264605581854
509,293.02677011615253,176.72149189655397
510,242.29072249062907,176.45549342439207
511,27.075905629763398,174.08858702267312
512,299.187065642066,174.25086062723224
513,57.21320969727259,172.32602999691974
514,244.43855613972255,171.99575896619132
515,318.56267281521593,172.3862317312898
516,309.6023646820611,172.46479458238676
517,295.2429126541098,172.40070628864316
518,65.60446425868537,170.24144618536866
519,269.93715983618165,172.75047720191597
520,251.67342282418468,172.563505516763
521,281.7266544176356,172.54991988063168
522,269.519889689822,172.67787625975333
523,284.3445292699275,173.12572981452894
524,272.8723683196367,175.53593095352153
525,283.3699941627229,175.51438522788786
526,253.2679618004887,177.82356805897206
527,254.3933209934767,180.05901072738916
528,309.49406464819197,182.36452838811158
529,267.7894938557887,185.2769332568583
530,33.23735570057488,185.46803667923203
531,-13.017731495092619,182.68517238318105
532,20.360943400408658,182.91438111412523
533,29.783323459331314,182.63858874806158
534,288.9985228264626,185.30452853639366
535,-48.858129451533024,184.73858646217025
536,18.80659372318587,182.47059733058953
537,-33.270253782314526,181.74809728541018
538,-1.4375724610721647,181.35877106059897
539,-23.683260467011237,180.86397758715873
540,12.64872885663965,180.9900574342363
541,18.761386930603223,180.792895380372
542,296.7122222853959,183.69983644172208
543,289.4813018342851,183.90487108702527
544,7.473327683416073,181.32759125315326
545,281.18089775700446,183.74580604464919
546,272.3064207824456,183.75581264744034
547,304.636268911162,186.5743485827774
548,295.16270190262765,187.07450436192985
549,258.58359615271183,189.24799227775694
550,147.54409325437166,190.69165691684003
551,53.512309780815656,188.5776731039032
552,69.57225076064836,188.84645496001798
553,272.25050893797464,188.8116117465006
554,312.8424142388585,189.13623698556546
555,287.27157870496296,191.74427531495877
556,265.2779435672036,192.02966018746105
557,58.294275232949275,189.94310159555565
558,-1.5380410091093637,187.48876919202098
559,270.2379024847465,187.30020679589492
560,-34.05955437548397,184.27952350619907
561,-26.362762552620566,183.97364714128386
562,18.451607941742296,183.7983038864334
563,42.67800485733213,184.4752325572643
564,48.69380808337684,184.9050735157879
565,42.849197682024794,185.4011408735925
566,51.90715517680485,185.99635293463814
567,281.513569390167,186.2460154310853
568,26.752755520718196,183.94799969904489
569,72.05237335369145,182.26412858490647
570,262.36861122494133,182.0492332390142
571,56.46732278782926,180.2514238670514
572,276.9793000589524,180.53483598949842
573,290.05641532836165,180.6077002069214
574,292.47022781300103,180.93696500790648
575,277.8605644227821,181.50325838930243
576,254.1514578885004,180.99901184512214
577,263.22403454123975,180.7590969625977
578,172.60861971950303,179.66939519320167
579,-58.35615029555569,176.26063488153318
580,304.0254033956254,176.7054895565846
581,279.3337118972191,176.66650805028112
582,17.59501153185174,174.35514008963372
583,244.69423330697438,174.14970055078552
584,313.7768760823694,174.7230200638173
585,281.56997096502386,174.88684052211454
586,17.30737491106025,172.72325584131343
587,283.24575140883144,173.19075530153938
588,-92.1597742250376,169.6639451663334
589,276.3985161571999,171.8863071285855
590,262.0739416033095,171.71566934567701
591,258.4035349985535,171.5582190656423
592,249.5139450033386,171.44053795816532
593,290.7632070852556,174.2238586360962
594,259.7457405453741,177.08446382035086
595,255.75560609819547,179.57659414674592
596,292.88408463269735,181.95431070615666
597,205.55984140070007,183.64133661371167
598,259.0115325072561,183.19844126219107
599,29.224306083017154,180.68608013288542
600,294.4668860693977,181.11032289287007
601,225.25651203320427,180.52339808871398
602,287.98452484257666,180.8932226222743
603,300.96341715872825,181.18371614809655
604,259.61312696925745,181.08519489469126
605,272.2990334250317,181.04497196254542
606,260.84968649359325,181.0162703786276
607,265.0816262869314,183.4120524188074
608,294.44081594146326,185.55750387622692
609,-127.30579478607183,181.35417822720467
610,292.9989307753949,181.8612603100523
611,295.3234308615368,184.54373556237013
612,178.37910897588722,183.3356559957083
613,289.57068938188854,185.65923079255447
614,284.4786766969692,186.05963199812697
615,271.2855421405403,185.58686069138025
616,234.48573165761064,184.8356943611357
617,61.47222621429981,182.49798749673758
618,33.045354810492086,182.17239640225566
619,23.6494061892369,179.7095188657862
620,-38.00773002726484,176.81270733727172
621,48.08834720002872,174.47632426509566
622,58.104647986100815,172.36217184805844
623,28.485655035100052,169.8035831057101
624,35.899565973410375,167.43385508224787
625,261.00035681766036,167.21015870879725
626,274.1224484526417,167.4187035753188
627,292.03981186706227,167.79516848405464
628,269.475616909014,167.39498400666287
629,284.4925542985363,167.56201461109032
630,266.83763734606623,169.89801742754523
631,246.2276768236878,172.49047151073304
632,288.6512895650068,175.17337497237907
633,253.43639954211224,177.40990573320684
634,264.0848063714584,177.16076856865683
635,311.8438102494039,180.76778796566617
636,252.66545815212308,183.10637660995556
637,273.49229905763696,186.17400213835504
638,27.58354436426417,186.46421330660843
639,276.73411723622905,189.4683870836408
640,293.74664765896864,192.27936627166412
641,272.60444494014075,194.81779685175948
642,228.33695729792436,194.13404420188476
643,214.25225960504557,193.38175377959237
644,303.69705916969303,196.34399109445513
645,16.851892673236776,193.7007010436174
646,237.29957186069115,193.35063255439994
647,275.24342295817496,193.05670409487
648,262.4917982263775,192.72999505810756
649,284.60123755042594,192.99017147208465
650,275.2705346479827,194.2674358860208
651,261.84030624368256,196.35071585064944
652,252.69945451017367,198.18198788814473
653,273.6206131115116,198.19568892988008
654,291.61412686268324,197.98340605611833
655,275.22462030117936,197.86293647208046
656,294.29353428257076,198.15309237923415
657,288.5704135776648,200.45585376268133
658,258.97919735150595,203.06102614628747
659,302.97193570065855,203.3883664784466
660,298.18302325216854,206.71079225472312
661,258.83985501024074,209.56281843035174
662,256.1370736270118,211.93967308720443
663,252.85068952989008,214.04139993392997
664,291.4550103863325,216.46901195695955
665,268.9808191818013,218.73032817195732
666,267.3504539448651,220.88476115963797
667,301.16610522329233,221.0812865179692
668,282.97900600561195,223.64354902281815
669,277.17230301387843,225.69474831942
670,276.3657375579803,225.8347195827504
671,276.9462384621257,228.03950873949333
672,289.2245128796278,228.16196086770012
673,213.23194009693083,227.39371611538576
674,292.82558413546445,227.39726967861046
675,282.49655340751303,227.44362956845774
676,227.8844505715383,227.18095949528816
677,304.8857075822364,227.5975762256981
678,222.60693734039603,228.097559401907
679,272.28188217559045,231.4039397266185
680,289.8045243559424,231.26173093622165
681,243.8720675537153,230.9071144927866
682,40.85364170621608,231.13970079453026
683,270.1463423726502,231.394221885187
684,-40.04971394198776,227.85595598494342
685,263.10565583339087,227.67131283362713
686,62.60302548477995,228.1242693393643
687,35.91678112213947,225.65097963649737
688,150.46687574475897,228.07724613619536
689,280.160641354919,228.11486738817257
690,33.70198066172148,225.83114777875667
691,253.10972766475783,225.7782097054187
692,322.93285709547246,226.51239882634002
693,252.6757350853619,226.13152410634112
694,276.79022321383394,226.3019689330257
695,287.64670973344573,226.62087996937822
696,287.29887560349056,226.5650278790862
697,6.044580614096944,224.56987527122007
698,261.9650157548372,224.59941010369596
699,40.645185421646204,224.71361889708223
700,12.306181725810575,221.89201185364635
701,-54.742394362831185,219.092022789686
702,279.69203637901967,219.00909790505045
703,256.5420224012801,218.56488395747598
704,319.415093516003,219.16290362294342
705,263.8829827128519,219.07874311582162
706,44.746370558294416,216.91770995646866
707,261.1987980227607,216.8788816738269
708,305.52302918195653,216.9897038062319
709,263.63824721433514,220.89914422623596
710,277.24402139143695,220.74159513239636
711,306.42269220186125,220.85258774579958
712,179.3833562023824,220.86263021806454
713,-3.507805882317683,217.93184526542248
714,11.16221801593096,215.1986806786121
715,1.7420192749582952,212.50324544995635
716,299.61069339023777,213.1544950672826
717,293.6349208750977,215.47612201389057
718,243.42213713610587,217.57988983714668
719,80.03609217124077,218.1437566969667
720,56.92890599872362,219.0931230572266
721,286.5987134243403,221.47822671946972
722,283.0247404536431,223.72742764414514
723,254.38915580876966,225.98646265188185
724,265.94536914784976,228.28692068362622
725,285.2173552076921,228.52909066752653
726,23.190972160655605,226.0197759046067
727,38.39806973143175,223.4833584832504
728,267.65304122910254,223.46513272645132
729,31.091090196893987,220.93111808543486
730,292.07982086405275,221.18353992061472
731,5.143511986200565,218.7726982722398
732,279.57580720712673,218.681943448661
733,18.225263996970895,216.32983209320957
734,264.9098422865489,216.3380824523605
735,264.059717862233,215.8602415284888
736,276.7189545015642,216.10077649198323
737,281.1032390198204,216.17688589160508
738,-24.073632378186275,215.6603141241806
739,-21.743204419376283,212.67554090762448
740,44.55704676736903,210.1836448987085
741,-21.69696720120507,207.24063077729505
742,10.196591593628938,205.0592271202521
743,26.552499483613502,203.18222951903775
744,-30.108882564921913,199.84417010169167
745,-7.580272844317051,199.59984844651615
746,-23.565388400069253,196.99119884390853
747,26.97041174562068,194.50846873178298
748,-10.555584100861878,191.77799490851058
749,36.17265939139557,189.29370912692025
750,-2.5004119861600174,186.5159996605788
751,7.375391045743868,183.97135050859947
752,2.9128382958126053,181.47348434645582
753,2.750694245857005,178.76478515779928
754,24.649015456333075,176.09513404373575
755,-13.416159852029864,173.20872624220362
756,27.76843264735966,170.54347522585155
757,267.5584905287782,170.33335599536272
758,-4.561647600386252,167.69794754584382
759,16.137095030862483,164.82959913914584
760,32.4898064995505,162.1726669716196
761,-17.88689460070937,159.4053994755101
762,13.956638778156503,156.98359512702157
763,-27.269661817200827,154.18239161355064
764,24.458366597944917,151.51242517566675
765,50.77118448230425,149.33032882867178
766,21.286109869329948,146.86968538791646
767,39.48919745369537,144.25291631022046
768,284.7675384530438,144.27080163469478
769,2.804220979422311,141.52712081435024
770,3.594976396552255,138.79941320273596
771,51.52952442268858,136.5452460623416
772,63.44984181947365,134.28749935174008
773,17.91922324702223,132.334372183241
774,267.37231712324075,132.07983951311874
775,21.197159676833095,129.46684557581193
776,-7.351016075993215,127.11449090933662
777,37.23788551086898,124.43801268862295
778,-13.37728186976544,122.07817049652134
779,30.123201533302137,119.65658369009844
780,24.937543957664346,117.00791388611566
781,18.728773283377507,114.7564809434123
782,42.6415656679481,114.7743601830296
783,35.82395094876975,112.43113626879081
784,271.4514023196364,115.54614743140705
785,280.76341886471994,115.72272506172035
786,273.8227217177473,117.83492202405003
787,-5.349012415056663,117.42226408867806
788,168.35612848550113,117.60115661608548
789,-14.485304702459615,114.6546971555117
790,-28.87576098897108,114.02891973900478
791,-22.37675200896038,111.27405494226758
792,-34.07531255377667,107.70397324577509
793,18.786350398509228,105.36507939890656
794,49.358458125676265,103.090761748025
795,2.5021857704714847,100.23931650839528
796,21.17877147874715,97.57811546714784
797,17.715396001093055,97.69482362101779
798,-28.025847813004262,94.79491498533939
799,7.658233904122355,94.46504547016411
800,22.26144771490914,94.56459813005509
801,-18.50789831821453,94.92694309050128
802,9.59493900975842,92.22597211680865
803,2.1255727380006277,89.68180762017586
804,31.37942422258257,86.80145092724167
805,266.0571242330942,86.82319234244407
806,260.8756478469617,88.98448511533076
807,282.3668156739517,89.19616529184266
808,105.67901536242391,87.19772515364734
809,312.43414058067003,87.68568408731069
810,279.5563151488242,87.70880702488455
811,284.8978900451439,87.49355900331739
812,265.29565302587764,88.35268197155234
813,279.13715229086165,91.17913155328414
814,299.75961598309186,94.06510553295576
815,259.18473936655477,96.63953273387169
816,226.86243781563772,95.9120501781257
817,257.45720601607024,95.55027302953542
818,256.74703919735305,95.6835220501479
819,269.54647937976273,97.57862592223312
820,263.4293152486793,99.64363001473266
821,260.216151372275,99.37980439421203
822,46.50594238791538,97.01461641355473
823,242.92851713179326,96.90001002678498
824,263.1049454292076,96.87160578959856
825,9.710797000283662,94.11654020752448
826,13.804849158393736,94.02267897750185
827,18.730418528333985,93.8260024654709
828,1.0999744089427281,91.1604717972693
829,276.46700430471446,93.61423093834746
830,253.6563357941862,93.22999608764881
831,255.63529340027108,95.73491390178953
832,-11.339969450933523,92.82575613520893
833,270.536766538625,95.34887116062548
834,283.66479126899054,95.53642065044991
835,286.2843418624624,95.75866689045219
836,22.166504159587788,93.21314238703242
837,-20.252623237352125,90.19958376446067
838,17.946123991892463,90.61978132816147
839,-36.88779014453242,90.46833547090992
840,27.755611764237017,90.30032112087858
841,-0.5698835840136098,90.5115919570505
842,22.979887964147665,90.63942492075569
843,22.545102332723616,90.59935094924678
844,254.65692946076882,93.44700906950371
845,282.61138882113346,96.3489256861582
846,260.39954721331,99.188575042292
847,8.623323322130943,99.0051041580571
848,252.84469767249158,101.63910697579063
849,246.40092989113992,103.74138968078807
850,247.0946440517166,106.23734024116682
851,307.09834596125324,109.23456979032194
852,24.974912867008427,109.45519053603388
853,312.28885565148437,112.55057215009016
854,31.2511928212692,112.61659392373952
855,15.643953690236202,112.90719505916219
856,294.4375079302504,115.57388581199109
857,-2.6796694887008528,112.8715042118163
858,263.1954169304945,115.54907485712509
859,35.80715976246864,115.74577550444116
860,229.67638508610685,117.71764129030674
861,-19.396971766144475,117.7025405186524
862,20.50577946968106,117.76803192556763
863,291.1583777273497,120.95231232101312
864,-3.567913276404795,120.67204952226963
865,25.59351161409873,120.42027279358757
866,240.69346340000047,122.6143463288943
867,312.4292541116897,125.34374689547423
868,265.45176882673104,125.15058919921114
869,305.2859645714227,128.17540663513114
870,265.353108116549,130.7929879523311
871,289.11005933971285,133.16879330150132
872,193.70834576380975,134.4713783409447
873,247.10050563971902,136.76319116487164
874,242.4715169528326,136.51418316316756
875,275.3299035788651,139.05551060218787
876,241.652025816348,141.5455410211113
877,310.08778097455024,144.2740399757481
878,-93.4610495821739,143.47320229862405
879,286.2061892510738,146.03403217580174
880,256.81601475090633,148.35281688373416
881,249.15829718695775,150.65711212276995
882,260.6178442437373,152.83687490852788
883,259.71405991317454,155.07577599817193
884,313.48735956589303,155.4961355706345
885,187.3222365014354,154.56172374700165
886,227.33515255136766,154.09684805533786
887,290.5315555075501,157.05565373456392
888,295.77884258674067,158.3298808755763
889,316.9907277956784,161.6446412005577
890,-154.71866348978762,160.3862121755495
891,305.23088275551464,163.66228852319426
892,264.443916588933,166.6474808146214
893,-239.268358844218,164.06693372219408
894,316.6289863402254,166.73963900433958
895,308.2545611751578,169.79716275838646
896,295.9604632537177,172.54497967613617
897,292.1514583642277,175.28934029976753
898,-114.34747522330812,174.42612402566448
899,273.2127544112114,177.08166923073534
900,243.0380490600154,179.2894352441864
901,262.0903262138977,182.0954174895075
902,144.85283815814168,183.44799648099135
903,265.80056851609936,186.08474643877236
904,257.1979373669925,188.34293157021645
905,258.6350852041613,188.26871117992715
906,282.15467577639527,188.48150145922145
907,298.3497438416809,188.64133074089878
908,277.1417836498219,190.3559584237727
909,304.8480054851135,190.28009707281714
910,289.8802352213038,190.38333627354194
911,276.33130151362275,190.29767038822672
912,301.73322261152634,190.66204608408316
913,267.7556397366634,190.5482309585412
914,254.8743178435573,190.09937797714588
915,266.82096408501707,190.17574022433055
916,263.69062351152684,190.54402208128943
917,22.76238367147286,188.19707385784346
918,298.0181309803521,188.60978477567346
919,265.4851156554905,188.56917113843073
920,288.95342836082284,188.82441226955217
921,277.9749648783275,189.0020004046127
922,302.8219107921127,191.5651600886547
923,279.0974866116217,191.92684978345295
924,276.4140487450197,192.05994081661112
925,284.8168822076876,194.81100166868512
926,309.9288288834256,197.77224146593545
927,294.3770260439122,200.5287075410912
928,17.772611209141772,200.6954339090932
929,-17.804338597372308,197.75272048007227
930,48.06948103734592,195.69685193250388
931,285.8191186077446,195.99869018457866
932,38.63010585459233,196.49839093763396
933,43.18991107500656,194.22492238299773
934,38.36955437101054,191.77197001401794
935,306.5631880402953,191.97475847579625
936,299.1136933374372,194.74423036757472
937,303.03345201549007,197.97709112010315
938,29.711139451076065,198.09474127469497
939,304.76440831885645,201.51126325932893
940,322.8241819065586,204.46194896075212
941,301.16461907510234,207.47929398734325
942,187.0442219700088,209.11993732740189
943,268.02430022463767,211.57472930632102
944,288.4617409158992,211.91277742087237
945,279.2029666203984,211.878693198865
946,290.12974337735045,212.17599516050544
947,286.69040200355624,214.95666594731964
948,283.53026771974595,215.26352164779223
949,253.0691242232789,215.33020359111356
950,259.94663140198645,215.45872346461627
951,302.50900493662414,215.41283005437003
952,281.58095322819827,217.97889045798183
953,294.77551441513197,217.80375704561834
954,255.8918040018978,220.0501631574246
955,285.64048999237025,222.75012852044597
956,248.42903041122534,222.29004374525567
957,285.4818711560152,225.17165915170287
958,300.50417679804025,225.54474675037832
959,254.48786966186734,227.73155384937235
960,39.988859208433524,225.83467859059564
961,289.04129837006815,228.91906129195777
962,310.7394116659285,231.8213976139202
963,259.540246807061,231.50521630471732
964,281.9882046552701,234.36077748403403
965,278.86242170473633,236.89346658494043
966,266.7996824223304,237.1545287751637
967,263.90490979962493,236.66928533204307
968,250.30124327642463,236.51778007654
969,282.21937083575,236.28711413918336
970,315.3743935143251,236.7873269931611
971,265.12749764037994,236.54750137616776
972,284.00455222244904,237.45046344075413
973,282.8159122122628,237.80761750647954
974,290.5733848234322,238.28863618518554
975,286.0896935633981,238.39623408503084
976,280.9628359206847,238.78934218607424
977,258.16734950047777,238.2701378713335
978,307.1502418294287,242.27625078544952
979,268.51093604963273,242.09929825343508
980,302.5119486536897,242.55625759246294
981,303.5554354812125,243.1002289754055
982,254.6262225612609,243.04031275858077
983,290.9374560107378,243.35254671955641
984,268.16583577914275,242.89933148168893
985,310.18120789359176,244.12792119561047
986,277.68111314474174,244.6313808015442
987,162.59870916265515,243.35205233809526
988,259.3531504759858,242.9877954169877
989,282.5612869604347,242.6435010086353
990,288.2551750606075,247.0732393941392
991,302.9719460141665,247.05065002672575
992,272.4985611021759,247.13119647185817
993,261.81808068141095,252.14206086711448
994,255.3594419204711,251.52936542291695
995,286.9944706330921,251.3167645174963
996,315.33376673663054,251.5104975523254
997,277.9837441783743,251.36882041046687
998,293.9237742662964,255.4515329053629
999,313.1439161383182,255.85084452263396
1000,297.93955909129494,256.39985962294674
1001,276.4994375726687,256.54395073653444
1002,271.1614937310899,257.80703729226394
1003,290.9142477398824,258.05817408450173
1004,295.68780789766527,258.4430727898085
1005,311.80394767132077,258.9747614144801
1006,287.84201104110673,259.03163476712723
1007,284.2892909033062,258.89103023774345
1008,302.4939403703859,259.14455180494906
1009,322.92229332150583,259.325294683313
1010,275.39764992150265,259.180468830315
1011,280.05532152246144,259.2177090304034
1012,272.33194593282906,258.9236962636164
1013,272.1179970542835,258.96731983679257
1014,290.2086470865113,259.32066312922217
1015,248.45306643587944,259.13698415273075
1016,314.76473785610983,259.6477252961766
1017,316.4142422243586,262.58424388170545
1018,-214.72021325506546,257.4568604393513
1019,260.9426481918807,257.4114357647152
1020,305.12277293628495,257.57312921046986
1021,243.41073986764127,257.22748696036297
1022,293.6925140212992,257.13619299265486
1023,294.2575101304752,257.28779322784334
1024,312.3854891030126,257.6475076314233
1025,319.80928403813215,257.9974316497278
1026,305.75711143881256,257.9557144752816
1027,277.75765190575487,257.7895207339
1028,289.2696187255075,260.50449080906367
1029,282.3807167656254,263.50634136269366
1030,285.39344559109327,265.8795810082311
1031,277.94529293356436,265.80084275148937
1032,283.96032912438795,268.2541449841873
1033,294.46501274676416,270.76689600090486
1034,260.81954292614483,272.9913958864562
1035,308.2280036299301,273.00804404235254
1036,262.9175193160012,272.6460823021382
1037,273.7918593203276,272.35366637518655
1038,293.7346787767169,274.993901768443
1039,305.6345094243136,275.0026027794976
1040,237.0922862375559,274.1452838228076
1041,289.5385793688382,274.02902342574487
1042,320.4065733382377,275.3626469394272
1043,268.1866824981503,275.3642707621623
1044,317.9622550927056,275.65927590393034
1045,249.02499454648563,275.35749618319124
1046,282.21769516682616,275.278375701086
1047,253.52203341418118,274.94669201519224
1048,312.99238919361983,275.241313229931
1049,268.45531791381075,275.3951751668363
1050,326.4126389458518,276.0598352422749
1051,267.74254556240555,275.7121706485327
1052,270.92627296595435,275.6056238459103
1053,316.7814949298164,275.82568365105715
1054,239.77857497633468,275.66455136080157
1055,267.7265865871973,275.4854123267498
1056,247.04221301667377,275.47154415280426
1057,297.4605311226045,275.5913307524702
1058,318.82277489384285,275.77451673342824
1059,276.04685478604176,275.99010658467
1060,319.4438118219032,278.7846561108047
1061,316.4443317665258,279.05868644476925
1062,282.24680947520665,278.77376042286204
1063,318.41106782997235,279.36246863309117
1064,303.68186518603653,279.5794052383988
1065,295.4019389867917,279.7448004112194
1066,296.8074864421026,280.04487845141716
1067,279.6884557653104,280.20271391107394
1068,235.48527237529717,280.05455420206266
1069,278.72873983540694,280.0196478920592
1070,292.5608922158928,279.79151287907484
1071,250.4700346171041,279.6449382488421
1072,284.90362816040806,279.6539290082217
1073,233.3475566399833,279.15924545249896
1074,276.47181919459683,279.01822979621056
1075,303.9992351893038,279.19732521246965
1076,282.01966332706775,279.2078934865335
1077,307.4280381596759,279.70050037312546
1078,230.16765464509254,278.93067450128206
1079,256.3547114276372,278.80911225506213
1080,247.5814941842666,278.2598077103679
1081,271.70158305508767,277.94126918610664
1082,242.02265140133818,277.8152334745074
1083,280.2833300028516,277.70869221442854
1084,314.89951994626153,278.1760290560997
1085,301.2050783417276,278.0862677605811
1086,313.30414178960257,278.44249804702974
1087,261.59989776849125,279.43250993308806
1088,256.04698004447437,279.39944822877294
1089,260.17978547784736,279.1756332139471
1090,309.81651272715044,279.3912465906125
1091,303.57604703613595,279.3972876008322
1092,306.31188566341825,279.73542084644464
1093,307.89572528982717,280.1961972925287
1094,288.6696209460465,280.5292990827845
1095,313.7754568824016,280.79710894527767
1096,292.6773817393516,280.57054509530485
1097,295.40449749699485,280.7447526284911
1098,285.9194178566544,280.6647090643947
1099,294.3122584563675,280.47639248757514
1100,291.4181866990374,280.4111787636525
1101,266.8071791777651,280.31425617970353
1102,309.78805789483175,280.70052182134094
1103,288.54658337434427,280.67684517768555
1104,-17.34677089497309,277.5464993897592
1105,288.11409338380554,277.30960084688405
1106,272.9269912411496,277.1604506488845
1107,60.19370489364326,274.91949478878786
1108,298.1040093448046,274.87559547853203
1109,287.3753764179455,274.5201263094964
1110,225.32408216714776,274.01939063195283
1111,277.79885145998736,273.99682593132803
1112,249.69354119335887,273.77044188393336
1113,262.21645728616727,273.6714264862522
1114,301.1396755994194,273.7807367713813
1115,289.14241814387003,274.18763028846126
1116,279.8398955467156,273.83838186536735
1117,44.18552994777377,271.1160947426015
1118,302.3893342832756,276.28719021798486
1119,285.1967804611479,276.5297315406775
1120,295.08932186332754,276.42939702994795
1121,283.14138957553956,276.826703527027
1122,290.03472121180573,276.79012559893204
1123,271.44504553564593,276.56200095298374
1124,42.29913670521324,273.86113742900574
1125,293.6322764300574,273.59936735292496
1126,296.6313944946274,273.5081101834831
1127,282.0012135825709,273.5505458002513
1128,300.45154274924903,273.6623650404887
1129,304.573173767573,273.8842896105082
1130,296.1383450539892,273.9917386051372
1131,263.6670953089601,273.84895662889113
1132,301.8397455903663,274.0277507935509
1133,305.022193092315,274.1333225970064
1134,264.82654443907495,274.1733926121357
1135,286.8220528920609,273.959333104757
1136,287.1501994683756,274.2016599062807
1137,285.78990648848594,274.3216403779623
1138,254.93646570587583,273.9336582472539
1139,255.72789178578154,273.4345920708686
1140,303.0481505748971,274.094150714242
1141,242.40800560193497,273.62284497657294
1142,290.30213699944875,273.3218006131851
1143,283.26850175718266,273.4726188057754
1144,272.0591310990798,273.01358756583915
1145,280.23687679257796,273.32570638830003
1146,289.5366312927531,273.39889574955936
1147,287.12666180239296,273.7349420334415
1148,300.5477293983081,273.61049543548836
1149,296.50547386422915,273.8909969949925
1150,261.57497403943603,273.24262034592834
1151,37.9346992337359,270.94454188264166
1152,61.37929438036869,268.84907209678573
1153,308.0702237611066,268.7619593850987
1154,280.44927601506015,269.16866639548596
1155,268.0251847104829,269.17165237671884
1156,265.0493878340454,269.3517241248926
1157,27.005764910789736,266.64717646277444
1158,308.0818047994942,266.53976676183095
1159,23.464352252370006,264.01394173649425
1160,269.0970849237715,263.5104744675129
1161,299.6531257708923,263.34256240755656
1162,276.4734764770004,263.28482907757444
1163,290.16823974041404,263.0024007966789
1164,259.23456558547184,262.55792780067327
1165,267.9378559320578,262.2832869701259
1166,288.585757444737,262.2010696801523
1167,265.69278801714586,262.0611130026706
1168,293.5566427626067,262.6418267065437
1169,294.15279944282213,262.79606730261787
1170,276.53402516096446,262.6357986320686
1171,293.6137820413891,263.06723610631144
1172,263.68078747128766,262.85500769942024
1173,302.9732721214807,263.5512648542352
1174,278.7500429775713,263.574047092065
1175,269.40450149152855,263.2280997550872
1176,270.24926371035866,263.1103957589201
1177,282.1395505585283,262.8575108829086
1178,284.08980187235977,263.3967323551813
1179,309.88562017777826,263.9320414426827
1180,290.49033641157206,264.3611298649558
1181,264.4101019834378,264.2882150542393
1182,309.6206568761869,264.9641951089878
1183,291.96899982406285,265.08105180719986
1184,273.1307696612764,264.66336430435
1185,254.36979328468982,264.1950114537796
1186,277.0062346635733,263.83203238251934
1187,307.48116521868303,264.2908450570212
1188,272.5750633935363,264.4561258905119
1189,268.5246918546089,264.53957495427943
1190,248.59839294427633,263.9273937564507
1191,283.50771168698213,263.7267104029592
1192,266.12370544433156,263.32482860076834
1193,237.2979014161064,262.61885036203114
1194,275.14291875888125,262.4835833401595
1195,275.50230262931484,262.1008517976286
1196,294.0136687155408,262.1142146673905
1197,310.3337154396641,262.2635068468172
1198,247.4354565126763,261.8786672333774
1199,285.6760028888531,261.7923046777023
1200,267.33595863156745,261.5514823970276
1201,302.0853975994629,261.90426458124455
1202,289.1766952518883,261.6981509548151
1203,260.2872724146688,261.41555784521836
1204,291.21568818726666,264.5011824360408
1205,272.2269133145901,264.3423106353486
1206,272.0109719256394,264.33315044219347
1207,252.93234321813873,266.2605368254384
1208,298.3019678671724,266.26251641066216
1209,272.6501415131643,266.1152640616143
1210,271.11759398243936,266.57319917976724
1211,284.7797149619257,266.64300781478664
1212,293.52359561496417,267.08130835900266
1213,316.3529468600543,267.6226732547415
1214,309.4371713362301,267.7056482121096
1215,283.65752213244053,267.65079925199535
1216,300.3368008580714,267.85576830510894
1217,271.3542021891874,270.1274550275231
1218,254.14748461393117,269.64503653082966
1219,317.27603658075407,269.96582909202573
1220,288.6899053636099,269.9018349270285
1221,289.3565762217851,269.96398679349096
1222,293.3269318016677,269.9969088993896
1223,298.57063148688076,270.26816475890195
1224,300.9259381866796,272.85443277371655
1225,258.7364981346997,272.50547499076293
1226,257.3080548827578,272.1122415946443
1227,287.5058752789083,272.1672882116077
1228,308.27745067923206,272.2455472909075
1229,291.2323522824475,272.1121390760562
1230,293.38341943496135,272.084589819866
1231,302.5026701408007,272.47294556818446
1232,285.04601485096566,272.30500826079043
1233,305.7536059282954,272.3123223891502
1234,283.3535949152506,272.497592893912
1235,57.172646877717,270.20109883376847
1236,274.5899166612851,270.0754960056976
1237,260.98950855998226,269.82749202641253
1238,281.31214495462916,270.0912488189001
1239,285.88310536598124,270.39280095470207
1240,260.18473588871814,269.9641668078403
1241,282.06133239709925,270.3607000757919
1242,289.30506337074127,270.3507293395049
1243,263.3249253009211,270.1512935749422
1244,265.4454360788753,270.0851566247402
1245,277.46116421575334,270.05739949897196
1246,271.7867939361016,269.87990112540547
1247,272.54014754430943,269.73403598282465
1248,291.09622876179367,269.6395209764595
1249,308.2289328047933,269.75675556586515
1250,263.7357773935693,269.7783635994064
1251,283.87811742491976,272.2377977813183
1252,251.29895184232566,274.1369943559379
1253,315.9409920943693,274.2157020392705
1254,298.6276275598698,274.39748555471857
1255,268.04852541011616,274.3977189617149
1256,247.17026927719704,274.2189277761464
1257,248.3611975216925,276.4324821022554
1258,285.5085786697305,276.2067498409578
1259,308.99828365071556,279.0620891549413
1260,275.54769036564585,279.12659520936
1261,257.41236534733287,278.7041876051244
1262,285.3808846856346,278.79326168721076
1263,276.2092327036635,278.6536716168432
1264,288.72664731895713,278.9485924341781
1265,219.03023554977437,278.45951623035523
1266,303.6642890607968,278.61030154651587
1267,279.48385366441727,278.74821220298855
1268,286.09890897297504,278.67363486509225
1269,310.0167712269808,278.83227458293385
1270,308.77741672855984,279.15470849860975
1271,274.12398085829227,278.9598104867788
1272,285.0907704515158,279.17391031658116
1273,249.60218325464498,278.64019942791276
1274,317.804896478695,279.030747962924
1275,275.28966014372776,279.089599549446
1276,293.18449006974714,279.3189518130399
1277,291.23021683212824,279.40985847577593
1278,289.6085571649648,279.4650460287019
1279,306.1188503516421,279.42737833044055
1280,256.0084993326987,279.08255995965186
1281,276.39952742810124,279.20245421409845
1282,284.72929515143903,278.953540596851
1283,289.2046319589268,278.92589691819967
1284,266.0406662329084,278.85499588391593
1285,278.80905840747954,279.0993885351438
1286,292.0195200924885,279.24952138943297
1287,268.9917544313942,278.8646272815601
1288,272.336525478622,278.8622419024109
1289,326.66426345387913,279.4436376184037
1290,275.5182877128044,279.7128365660889
1291,319.75394730084264,280.07529892222755
1292,285.3247649730897,280.2673095175152
1293,258.5551685440173,280.47988218879425
1294,293.38532859141867,280.6623062871197
1295,260.1894665450029,280.50917792627655
1296,284.10295593117075,280.4100707984328
1297,294.9069008118596,280.2558026521548
1298,273.5109830466054,280.5165579174941
1299,243.3121209759467,280.09291909836503
1300,260.9208550418782,280.0287680624681
1301,271.90667003792635,279.7269807868528
1302,259.80823751282196,279.43329620946207
1303,298.0277375503794,279.81070086081917
1304,279.44624217028,279.69300640064927
1305,278.1940023715923,279.75267729121936
1306,278.2845816435883,279.81541338839884
1307,272.48721381020334,280.01096209431944
1308,295.23007433060457,279.9802431589537
1309,301.52114472427024,280.26895319106484
1310,306.151238528636,280.6192896365268
1311,257.1644979132418,280.34313746604
1312,196.174696691871,279.36964847680906
1313,242.31464031497512,278.62926541135835
1314,296.742385915903,278.502317557155
1315,266.8539482799383,278.33428181863
1316,270.0696549296461,278.0316103593457
1317,162.39648584150814,276.9420331958689
1318,121.25334478435249,275.61309179757313
1319,259.4213622781026,275.03454505454664
1320,281.9609219575376,274.96725522048587
1321,300.0452069641036,275.0741415279091
1322,298.1714110281383,275.12258632017375
1323,275.8923882621516,274.8958038879265
1324,255.27825726399533,274.4393270786997
1325,264.12323913029036,274.4931944886556
1326,306.58177883072483,274.9859317281352
1327,277.02932320847924,274.88116620743097
1328,293.8426640064706,274.73681834070334
1329,268.2881282971846,274.5073761008507
1330,305.50985184711953,274.6286404249723
1331,307.6760369120535,274.68037409268476
1332,275.06393299029827,274.58055327407806
1333,281.2210112249523,274.3352273270447
1334,299.1425517361083,274.4931168952533
1335,283.62882210748535,276.75767864755096
1336,292.65886198655255,276.93836810080364
1337,318.18139735129853,277.5102869887168
1338,315.25091451750626,277.84967468434553
1339,264.85196047784837,277.6393632354642
1340,303.74672733870057,278.07498314996405
1341,268.9638761420132,277.9440085874132
1342,289.9305238632676,277.95026319233847
1343,258.20671631516007,277.89908110248086
1344,293.4860540304654,278.17948728199667
1345,275.51085703014076,278.1599842101406
1346,278.01576263325023,278.22227389711213
1347,286.4465151774072,278.3613375734431
1348,292.99970110892036,278.3803722969144
1349,267.03462137377244,277.96842918260415
1350,186.11753334922892,277.19224674216076
1351,306.88589192264703,277.42232448713804
1352,238.0353569820803,277.28968853853553
1353,18.024687021232722,274.31052548780417
1354,296.98499611601596,274.2940991733656
1355,195.5583730487297,273.56919764975174
1356,316.160739463806,274.25910235161786
1357,182.67572741014823,273.6022476505024
1358,274.704605669447,273.49420792049955
1359,310.3358277616519,273.50758336160897
1360,252.38895164140263,273.27599597436654
1361,313.4825963096157,273.83669828398934
1362,302.72156477818896,274.0101050849149
1363,301.59025731651354,274.2639153310434
1364,308.49684342148134,274.46161729206864
1365,305.69092335839764,275.3282241701549
1366,297.04792761175537,275.26206055566445
1367,259.6529761769018,275.0637517807893
1368,279.54555782991065,274.99821826935863
1369,248.5387748468847,274.3834383055577
1370,293.9841368781217,274.2355055070533
1371,271.8748263281414,274.2130139617518
1372,291.2004707502846,274.27411096473946
1373,300.75670385004446,274.7856561706935
1374,57.72880735284691,272.184895279435
1375,307.91511458824635,272.5111498238802
1376,306.8456857474135,272.6477617806569
1377,273.28614029973744,272.46832101533295
1378,296.1046873042442,272.5332823167257
1379,4.154219900910462,269.5136360122184
1380,262.2039127325619,269.57559014621705
1381,305.54823489719325,269.86707722090796
1382,294.7965691675879,269.96774996106944
1383,49.22508104002878,267.5679544518805
1384,300.81681740499045,267.9157159636013
1385,292.9370280535152,268.05699566006166
1386,9.734499544064818,265.2341454545774
1387,-2.577696060634935,262.5184509496571
1388,9.619634058739038,259.8912820354583
1389,201.31860966921565,258.6378254976117
1390,287.55533573796845,258.7581959778633
1391,4.8021311764931625,255.60867781661977
1392,65.12128866311875,253.40664305352013
1393,33.92999996923436,251.1603913677723
1394,84.54233575845333,249.07196143944265
1395,275.7558603741663,249.22762537773428
1396,276.43988467059114,249.15099466512848
1397,293.00328031145716,249.13195846012445
1398,313.8002921316279,249.53485155097468
1399,250.23167220001133,249.60404706321532
1400,278.5208468072311,249.78004698086883
1401,282.1154961636773,249.8821352421264
1402,253.91551889687983,249.82320805596694
1403,313.0527469700279,249.97345815016345
1404,298.11960718263043,250.16019180028692
1405,44.67743248648301,247.82502610143584
1406,9.91815867387578,245.14136187173867
1407,-12.985067741180828,242.28663905622486
1408,36.26650066066546,239.69700331952546
1409,258.54125571566794,239.26720442943943
1410,307.3994946913356,239.27968699106646
1411,282.62452315141167,239.53428724344815
1412,295.11912881020174,240.52373156463145
1413,261.98371485167377,240.72042230999844
1414,281.992886791733,240.57292731875674
1415,282.5840839901254,240.7302286758586
1416,272.0084118753372,240.7496162453155
1417,37.759973211955696,239.50325111901998
1418,75.23172460783351,239.0430349172548
1419,47.87255167295413,236.9275468112033
1420,314.2901360878755,237.2508389525067
1421,293.51033057023096,237.185490188568
1422,48.13394401806406,234.68511551846726
1423,276.23403593432414,234.68853199518898
1424,277.75127059595684,234.91326212850856
1425,25.977526991099964,232.53180500711665
1426,266.43628354985304,232.13035005430797
1427,288.4508686742312,232.24456550896545
1428,295.44505306550593,232.26058939955584
1429,45.67545129209063,230.03446262950484
1430,271.3424736545208,229.69278884757884
1431,275.71762861005186,229.37320476455884
1432,255.2702080319868,229.1752675149757
1433,305.06828640148217,229.41374026674103
1434,279.3644679378913,229.2159594287589
1435,297.3900249770774,229.35357145745482
1436,302.24216979386586,229.44940453552795
1437,272.7805089646035,228.99539565166097
1438,304.1516592697777,228.8844030991837
1439,21.078208868798384,226.44666558309325
1440,256.7461222708257,225.97665953241446
1441,295.85637267205954,226.24558449771496
1442,298.9954178400599,226.33623343748283
1443,278.9516244658764,226.54368251899004
1444,290.01599896832715,226.50898196836863
1445,270.0218285170062,226.45409168323727
1446,278.4611921895992,226.45854597880077
1447,285.31752104147205,226.4472560374414
1448,29.06747183720188,223.80793374472424
1449,-44.78700000138309,220.6897175309727
1450,289.3709069384448,221.72225126686487
1451,300.0465301278788,221.65385764891715
1452,287.74894480734895,222.15099352716985
1453,18.406818638337512,222.1548148433409
1454,303.1768659070473,222.21673354125124
1455,298.9541655738922,223.25069146650284
1456,273.07593631902205,222.81984343505502
1457,34.98807660745402,221.34296692702807
1458,175.9391425360823,220.35531229569443
1459,169.83556126105697,218.95030963068842
1460,294.8105933601722,219.37452604787615
1461,274.19820493408815,218.98168213412086
1462,304.60709832053806,219.00053746954438
1463,267.1887346506687,218.6565222428859
1464,265.2106641689419,218.22366045036054
1465,287.4899505486684,218.04165072226323
1466,266.4441902376235,217.73561334852195
1467,256.9048168224501,217.70813175497742
1468,266.59305083406167,217.57860668501888
1469,274.1035055152561,217.8342539917026
1470,295.6836700886563,217.85124932380793
1471,293.36814511437456,218.06618251167026
1472,246.9342827520866,217.6235206316883
1473,295.5414209092029,217.57136780227987
1474,272.3380311968416,219.71746004071983
1475,25.20624209858738,216.89037131582322
1476,265.5643946545972,216.47755840489506
1477,291.20926152880617,216.65678961718575
1478,273.7488866543715,216.43323161068705
1479,252.1314022762702,218.91300343444064
1480,254.4558549452849,218.83552285656788
1481,264.52292979847584,218.4252698055807
1482,287.8857109113387,218.35616122301823
1483,250.27016740844417,220.36661208670236
1484,245.56808122441623,219.8141247248967
1485,309.3528950758424,219.97828339511992
1486,295.6564178483213,222.83750257816249
1487,-88.66359415944176,221.97664359717433
1488,291.48278525999547,224.79527510918692
1489,267.6123608046713,225.4582126205415
1490,256.3821757010483,225.14648102017233
1491,234.66759187774872,227.44513562718484
1492,22.653698914820268,227.02045972970188
1493,286.617747270184,229.54733720271136
1494,-75.19893678541497,227.94992447727265
1495,-62.5682248115315,224.56668362541572
1496,-69.39039713641068,221.10838080734575
1497,-36.93347488199619,217.8090132554112
1498,-27.664530206448475,214.3943650320304
1499,-55.420186800245915,211.33784644202777
1500,-76.010251251891,207.79253546143661
1501,-61.427807422585076,204.35710242557397
1502,-113.07445291569296,200.68720270744828
1503,-31.14829836258052,197.2451922541222
1504,29.8908825209505,194.56290500750535
1505,0.7449573744354723,194.12358025638488
1506,-4.880694391027035,193.97559172573585
1507,31.28625339760626,194.41830493712376
1508,-20.594232428149397,193.84969760623557
1509,-21.39682670992029,191.05031678197975
1510,281.0441146153313,190.78676298121968
1511,-56.82811568674294,187.39223659283817
1512,271.2851208196563,187.1538965129327
1513,296.577781157584,187.4998371759918
1514,260.27020401027943,187.28261034817723
1515,302.66071304961724,187.48337663877209
1516,297.2179730195668,187.7354722502144
1517,262.87590304340085,189.9866315485289
1518,296.85545193412406,192.2028688217918
1519,296.1473849448762,194.68561715451105
1520,305.0111141288084,194.5928269349203
1521,286.1739361978424,194.51946299119646
1522,275.49298984192075,196.79305344943504
1523,255.42755064427143,196.58498859653454
1524,295.42317421914345,196.76170763276642
1525,271.8894974476799,199.2208273373322
1526,309.94508930623675,199.65591539489603
1527,296.343250449062,199.73483921264432
1528,269.65560882145974,199.4769447702039
1529,287.5672011758453,201.89586226904146
1530,288.40892484434363,202.06652678093968
1531,303.64992348720676,202.34584972971118
1532,285.722791469762,202.65037556408893
1533,250.2241007264828,202.10193370733893
1534,284.2034654826367,202.1503236827864
1535,224.27502988526305,201.41917373186826
1536,311.1177030003166,201.50792906393275
1537,274.51658386322447,201.52528981291897
1538,284.2256313710875,201.32602953393206
1539,276.79443176463303,203.8831917628904
1540,258.7643340095318,203.90337388027746
1541,296.27499626535,203.90756011621033
1542,247.49457495718994,203.39255168738168
1543,278.6641553832843,203.38967699655575
1544,265.9892951925456,203.14940995879797
1545,262.17213041801824,203.07091297780804
1546,277.31550453738646,203.05945610128595
1547,27.550699533841964,200.48178788620964
1548,278.88123886268113,202.97992555646445
1549,250.9746242434131,205.93754179891235
1550,288.3381873633474,205.92721460316142
1551,278.3392938971891,205.71014224085448
1552,317.65318339067005,206.0091846266877
1553,270.495583456135,208.53007227486566
1554,276.8649052692086,208.26695266848728
1555,261.1963700122808,207.8893747128712
1556,277.49021959392206,207.93351754562016
1557,30.114918784265058,207.8847859673883
1558,293.8210848064134,209.06360539009157
1559,260.846306720534,209.97371284468633
1560,270.13852359768504,209.72699214706145
1561,17.69047609063219,207.16191485862694
1562,15.192639003835254,204.26777026545994
1563,8.690948906022186,201.68279240801346
1564,301.2234578782973,202.04292034510706
1565,295.8464779322377,202.12648561894275
1566,257.9637048535186,202.0416807651017
1567,311.6526418678892,202.58915901555602
1568,252.1999873853049,202.4452283810685
1569,288.1172595574677,202.5853659214906
1570,255.42168259919913,202.18274604659607
1571,279.8541178864418,202.04760577431674
1572,267.988157072645,202.25814451752234
1573,269.1802504770625,201.99453281320092
1574,301.0778650925809,202.28193115215836
1575,287.9105033188728,204.90897376436115
1576,294.880489295364,205.2021347107688
1577,282.86827285444565,205.11872482402515
1578,266.2380760781956,205.0436167182634
1579,298.3489530038069,205.50579222553876
1580,-41.416415530860114,202.54706952077734
1581,298.68162708510584,202.88865649364365
1582,290.095563710243,202.91075502163264
1583,287.551079955796,203.28356414710618
1584,244.6650091822532,203.27453342668457
1585,308.7740494577314,203.26874497050343
1586,284.5981690713787,203.158162482734
1587,33.58008707652351,204.38059929509367
1588,292.1353621023272,204.387125063517
1589,311.0397906570987,204.8213993620413
1590,309.3234517306341,205.35081212233712
1591,263.7249015643358,205.64138521920304
1592,299.11830556741745,208.406031285729
1593,258.01293228205077,208.1199831358477
1594,276.79782749807157,211.63995077868253
1595,259.0210869042636,214.8558438958405
1596,296.75454365892523,218.51729330379382
1597,287.0244934286401,221.75687298690016
1598,281.7792577300647,224.8513108662653
1599,287.67532679804594,228.2822660022482
1600,292.85990974765855,231.97096761224373
1601,305.0076522424322,235.63532220889388
1602,261.62861364102787,239.3823528744611
1603,41.019963588426066,240.10403549397117
1604,291.0369418725591,242.7154960874873
1605,282.78189204554235,245.5358654341984
1606,274.44662298506114,248.32913860795924
1607,277.7827675485132,250.79410374946835
1608,60.733971287809254,251.6073857866279
1609,322.3349154491286,255.0447032082184
1610,32.60845923022737,252.56034665436735
1611,117.96944481946814,254.30832225942945
1612,274.5000162447205,254.3404712136801
1613,278.5649042280781,254.16034244438504
1614,267.05736820927,254.2282140863749
1615,263.3853327664385,253.83546028354314
1616,257.74463601866853,253.44072691353415
1617,281.2647497554984,253.62461538065511
1618,3.5626558639423678,250.6916874199533
1619,268.1332322216423,250.41154589272097
1620,44.8072095576955,247.80950684700983
1621,296.04992463221555,247.9082667313536
1622,182.5738981799221,246.9790758147336
1623,280.9677625872686,247.23447793416355
1624,304.859990172312,247.3288460936952
1625,296.8609959030449,247.57856107824887
1626,264.49147031067,247.12402488829323
1627,294.33094280203204,247.10390181182294
1628,33.77851832910298,244.74513090689936
1629,169.3106881680893,243.56256577682183
1630,288.3263648117771,243.56174017649613
1631,277.1792841919074,243.29703378354316
1632,269.12429979335707,243.13104886677914
1633,277.6741505621067,243.40554936513539
1634,269.8157316648241,243.26167202695723
1635,268.3989034499532,243.70291076260415
1636,284.5024983977587,243.4367587165786
1637,291.8529144273373,243.61012202221968
1638,296.4889714179159,243.732755422688
1639,286.15970235123007,243.82640812855396
1640,263.33925172164857,243.8721573056751
1641,267.7904266187277,243.58731160920888
1642,278.1242042381331,243.8936079020183
1643,275.1973741813657,243.85894008999915
1644,300.33344991560506,244.20238163722973
1645,277.2969014924392,244.35362934797394
1646,256.848647867415,244.1489607812742
1647,253.19652611349025,246.4054190470707
1648,159.69394692604854,245.21354612770435
1649,264.9915843380261,245.35371572865049
1650,180.34375556624926,244.2737714106795
1651,279.05856713455915,244.28096414305318
1652,288.0889316810003,243.9853216259565
1653,256.74660583366074,243.84783184973173
1654,256.1595959107508,243.6407787561472
1655,294.4017012586065,243.97283206861047
1656,296.3119076221623,244.1610489488929
1657,304.24634391456516,246.90236320019588
1658,284.7612857572725,246.81176520970448
1659,264.96367766622535,246.85293891916135
1660,267.5074492055145,246.82662817523965
1661,273.92304439107284,249.38895385824407
1662,275.4388014154143,251.99141548235986
1663,288.92930812781185,254.7937990745777
1664,324.8822114992814,255.03038661078753
1665,257.0272478761635,254.64219431022684
1666,293.20179521106553,254.99457521380234
1667,289.2484698641038,254.77053349376447
1668,276.40156126276963,255.01254923253913
1669,294.2204371049357,255.07358100801383
1670,307.73240516181716,255.59668823364
1671,300.9268079645614,255.8074151344212
1672,281.97589444705216,255.94729250816522
1673,309.4729100292973,256.3502191036876
1674,260.12361327960895,255.94067658555784
1675,21.56904228342998,253.27726197520343
1676,244.46904362467606,252.77314751849653
1677,299.6467604596225,252.9409323945483
1678,296.61284420466797,253.24468007581302
1679,299.0997885317693,253.25218843109266
1680,253.3263886857868,256.19961647325914
1681,46.53954518310485,253.67819565423915
1682,252.87402119342894,253.30598022907097
1683,280.7730281958752,253.23819971147176
1684,288.63883383666575,253.67793795801595
1685,268.4315504336081,253.27451296777465
1686,5.453911043468565,250.48307038749556
1687,284.6638547448191,252.9939080641785
1688,293.8368381474784,253.01092282463003
1689,283.8121480907408,252.7386463989664
1690,269.3843611690429,252.33925549335055
1691,301.4352405049784,252.71635888275696
1692,259.65890114700676,252.32176483855284
1693,307.44140094644604,252.8160495251968
1694,310.27060619580175,253.1507773121741
1695,260.8131724561599,253.16869816769307
1696,274.5913304236893,252.94706603534073
1697,257.84873452198315,252.65530844627415
1698,43.8544883552029,250.27606075252555
1699,281.961925976119,250.2189267443063
1700,292.79578570303124,250.21828550386
1701,303.9164443810145,250.20737342524583
1702,291.66167121383813,250.50770400097394
1703,268.50710196864736,252.78257538477618
1704,285.84463090500464,252.7306522751006
1705,243.71005787335008,252.33993393337872
1706,148.37133599449825,251.07918106347307
1707,264.84832952897966,250.94983668327777
1708,280.1970868039657,253.1444678384393
1709,246.60034394941755,252.38712212344217
1710,250.5730438208985,254.5667679693489
1711,278.72778507846334,256.17435137193877
1712,275.4520191311573,256.1838714008032
1713,281.5497035938346,256.2137193944607
1714,289.12387259758407,256.4343844383439
1715,278.0006868464877,256.58053797914437
1716,286.7971935855679,256.8710635548134
1717,268.1144906425107,256.7395609636835
1718,260.24018944403883,259.3063362994845
1719,289.8999435297834,259.5240034125659
1720,265.2367137032369,261.72829845402134
1721,293.1916188321691,261.69971539602085
1722,-14.409266910179397,259.7298837451198
1723,272.15016311216675,259.6417077503688
1724,32.50955870391462,256.91820343568486
1725,16.57167684440215,254.11531024509839
1726,288.26162936399317,254.35301183563166
1727,296.6119887210864,254.37582229482217
1728,9.13471672087735,254.12938427873996
1729,-90.53951552910074,251.53088224176804
1730,-126.54761219962806,247.38214247165396
1731,14.729452164567618,244.75764415138056
1732,-60.23619809767778,241.46403917247022
1733,257.44487530787535,241.2617464199279
1734,-68.0563550414246,237.8830255528654
1735,-12.928015366688314,235.06975636469897
1736,-11.131293117914481,232.1134184495423
1737,44.02417484319679,229.6351310537009
1738,292.5005430023032,229.5952467695448
1739,288.2759271515838,229.61640901754834
1740,270.752061276022,229.69053711309203
1741,-35.70681304085778,226.65556471649614
1742,314.76015776532904,227.0219242517681
1743,51.16108542974274,224.7815613642519
1744,279.7087353409774,224.57531421850555
1745,-21.018711786772215,221.59215808571352
1746,279.3317350095391,221.8169889571347
1747,315.91922509481344,222.444215946948
1748,256.58622153534003,223.41313869304088
1749,284.22930793051,223.60551592896573
1750,15.898749175820157,221.96106586506139
1751,257.2128867586507,221.74260906130235
1752,284.34684062602923,221.70518815075263
1753,265.6676293710726,221.79439838612674
1754,295.13975336516995,222.18419996067092
1755,282.25604318287117,222.0627433799136
1756,314.0806498460297,222.24043080215225
1757,273.4304492773548,221.93227185578016
1758,268.5660221279454,221.7703192194869
1759,248.28124861310255,221.60349492895568
1760,271.3847679554303,221.64226811645486
1761,257.30363585305724,221.47607403107472
1762,277.34321732098556,221.49511819013043
1763,279.8709589951724,221.40453469880399
1764,21.985100311107274,218.37556358692223
1765,260.12568351869106,218.40654794334748
1766,276.3272434985197,218.23780242622203
1767,275.99284622576727,218.10524618983865
1768,282.0610754249127,218.1618413314601
1769,310.2733277767378,218.3223702381781
1770,282.900508741689,218.07405127397683
1771,23.41661503948599,215.29894934472605
1772,297.5988690287166,215.45517909054269
1773,235.3848287140466,214.7142982773902
1774,17.70552392198546,212.29011738381396
1775,295.24707480802533,215.02689770905997
1776,154.7616425736728,214.12982369854993
1777,249.5396338414424,213.62875243236812
1778,248.21789214225174,213.14480291174402
1779,40.02813751938413,210.55408640162014
1780,18.15857691561156,208.2024082839184
1781,32.61892306980977,208.06320206278542
1782,273.2741600948233,208.2672034517994
1783,250.7810659420938,207.96728382926153
1784,265.73300649883686,207.7382255558833
1785,-49.490697578579265,204.55900307576144
1786,1.3047849473423696,204.51751181480017
1787,270.70676426951775,204.37794091004716
1788,33.7238581443728,201.7768111100161
1789,249.5443275584455,201.43413290469314
1790,290.4280481801877,201.64456977480455
1791,292.46931567398826,201.55491052649464
1792,299.07561886683243,201.9490777036929
1793,253.12557643389005,201.4059194585673
1794,48.918990702780604,198.79240330363712
1795,-13.968913957345208,196.04458243950205
1796,319.31002763267486,196.4917694115919
1797,310.3329345996932,197.01661141236897
1798,6.125164108164412,196.63931816989862
1799,257.6820313186102,196.39651922332357
1800,310.456899476316,196.57313036105646
1801,268.1447721816509,196.2154136390628
1802,305.18811556198204,196.35067808254422
1803,28.50132673267433,193.95062033018448
1804,264.040617122783,193.73258019236226
1805,257.3076653603231,193.86855626723198
1806,285.3068587447847,195.2379114947349
1807,49.29731720706587,193.08240137151577
1808,308.807006821858,193.36850057169468
1809,244.31550172350947,193.34565214943558
1810,267.9458161745431,193.51937987297202
1811,306.47188438489115,193.79682086603628
1812,33.697565055622334,191.37927632528093
1813,-19.97815298032232,188.3639977595394
1814,35.33203509612841,185.82607938452483
1815,0.31660331128965424,183.04923854917286
1816,28.117754361628187,180.46244415693346
1817,12.967683452395278,177.9109760850323
1818,295.0068900868881,178.25864309146075
1819,33.56437512123529,175.69528740737525
1820,316.03476735182846,176.20326794386122
1821,278.1404454372081,176.05275620991156
1822,260.4718376023135,178.8015672550365
1823,34.9143778146545,176.4292094020614
1824,32.942522930872684,176.43353904433098
1825,295.118951532916,179.2190117912161
1826,285.098354532714,179.18737904290333
1827,292.0668852686718,179.14192800837918
1828,279.40349322998577,181.84461577347028
1829,259.2337380216187,185.34234830897748
1830,324.187470373408,189.8496991347078
1831,34.544577012819644,190.04785038319034
1832,18.402658989829717,190.8342389540654
1833,253.6045176875174,190.7958353778618
1834,-14.323414813009322,191.33316478014595
1835,298.2174632569144,194.444619566382
1836,296.9332363003615,197.52526486056476
1837,45.020816060898085,197.53523127274175
1838,3.559640807322765,194.64582225079198
1839,41.88753013304196,192.18193828060654
1840,73.47712173045201,190.2091888851508
1841,9.50540920565183,190.66131110761594
1842,15.070905201633096,187.66441858197896
1843,283.3023712068245,189.98583143974983
1844,257.5107517705129,189.76385160404516
1845,289.7285933001665,192.87132465491456
1846,253.78342410706983,192.61584154588985
1847,302.13846209002776,192.47803391584202
1848,280.5979587149624,192.71815128763825
1849,285.642339839152,192.73228160672465
1850,294.27012264970756,195.51599534146354
1851,278.9045437879031,195.73291191175605
1852,296.58540487714214,195.8552975542672
1853,-34.76156488973139,192.85100561165916
1854,20.801036007784376,190.10761843808532
1855,43.11743145549838,187.71623232081157
1856,310.9116113928352,187.68454193627963
1857,15.677869166339732,185.10701613516946
1858,-5.169567914787535,182.36966023474216
1859,271.65881771394197,182.60343592575052
1860,18.057566106445492,180.07016390726068
1861,-69.50490997340071,176.80207844899607
1862,-6.560065582541014,173.96304561996087
1863,4.2176850314881165,171.20651288032397
1864,-3.9939048192066195,170.94672282902084
1865,-16.971969941216557,168.1757462944218
1866,-34.008502948378435,165.07238882995279
1867,-60.32413649040367,161.70921900279112
1868,286.23223910949844,161.75093063963695
1869,17.124077586537354,158.81943813773495
1870,14.329209193743026,156.13372514225546
1871,252.35557321879438,158.42311472404856
1872,286.24775955467896,158.30960362930819
1873,8.185531438369807,156.03761065655144
1874,3.2702161249073924,155.8932575785806
1875,-49.458711777761316,152.44619971272274
1876,-75.34875052293398,150.1450957817567
1877,-51.454206181034536,147.13515738153194
1878,21.380262806732787,144.86678108817674
1879,305.52330294958165,147.52173274247872
1880,-11.610316922118784,147.2240438041014
1881,8.909174769951846,146.98694632110283
1882,-12.055477964934852,144.13364994050525
1883,26.316310822040208,141.8890023893047
1884,45.09968852817272,139.68266920959806
1885,3.457302578054353,140.21214921116442
1886,39.23949560846475,140.59149631777564
1887,21.72385106318191,138.10166718571227
1888,268.58326399905405,140.45026124425908
1889,281.3705321470117,140.76852329014477
1890,275.24711190031724,140.61671392734604
1891,275.3669004527219,140.4456897751334
1892,284.8061991281779,140.30299557774683
1893,19.02540108680229,137.96199382427596
1894,17.388313011121085,137.64668704735936
1895,262.7469764663964,140.41384595159678
1896,245.43711098694664,139.6751167851395
1897,282.21101065740936,139.39389754571667
1898,278.9252994888842,142.12189889952387
1899,25.339064499036624,139.7984692313281
1900,317.1804136058213,139.86570437262318
1901,257.29394366390665,139.75719608744575
1902,259.68536047363995,139.3021685365623
1903,280.1988432432925,141.8191437016685
1904,268.98491497635604,141.86858668020423
1905,27.382189675819433,139.56933192335921
1906,249.2698416195494,139.20896175210683
1907,27.443403306624703,138.99042261310242
1908,302.717740836796,138.9295299532518
1909,44.36635687663272,136.93003850478306
1910,254.0153779905929,136.79073412294352
1911,32.09599184752645,134.04697519756988
1912,30.225680425274646,134.01225635126642
1913,266.8582942243146,136.8806208233128
1914,297.7452005640504,139.50475247799199
1915,303.45676849832745,142.53615412986235
1916,257.78862593634994,144.83286284560958
1917,271.45868229132105,147.41777283399884
1918,272.8255607397906,147.19595954052787
1919,265.53210385800116,149.51563682789555
1920,17.18844834122403,146.5271736377895
1921,33.68659596467424,144.08263514306415
1922,300.7306627735261,144.48522339477626
1923,53.47003259899577,144.67077994261967
1924,36.55328327166208,144.70688754602762
1925,309.80014393893975,144.85369947008783
1926,278.1910151510101,144.7846260762708
1927,285.08854783221045,144.71484270190615
1928,271.79740245689226,144.63878179417523
1929,274.62918683436783,144.7927362823027
1930,251.91442947947874,144.07000587336344
1931,303.07353008442135,146.75529540407945
1932,257.91606472291113,149.15042946141028
1933,265.5117110011803,149.26950139454686
1934,264.9597469931726,152.06233301260872
1935,294.7620783966131,152.0277791640057
1936,290.70787512771244,151.9655255522792
1937,82.70495655327883,152.342366957203
1938,48.689767142177345,152.79366822055158
1939,301.46626080042626,155.3894555272254
1940,313.0799370471075,157.78548368039193
1941,302.7207375146368,160.7176369634818
1942,10.364466768906368,160.67057257915454
1943,291.91082134827286,160.756657080569
1944,232.84647937189263,160.51001435658281
1945,271.98521529738605,160.33258057655502
1946,299.64414851849847,160.7911878206693
1947,298.377899228329,160.7535821920523
1948,273.76419173960215,160.68524452229872
1949,299.82914455185164,160.8271125694257
1950,311.2499578045947,160.9969109209746
1951,322.01781566659037,161.42804363976146
1952,263.14421118233724,161.0936317028134
1953,292.9223063102931,164.37047041481367
1954,289.37315166298663,167.05619157136567
1955,-32.87007344401706,166.29631652237055
1956,31.48814264725428,163.50208183491472
1957,300.04086633902585,166.3457118066416
1958,271.25485060174316,169.10995599180688
1959,291.40309345947094,169.30739874926218
1960,258.21343243633885,171.7089574125611
1961,261.99558657170803,175.02396237801221
1962,301.66281278211716,178.10619116165878
1963,288.5866157425834,180.94988046876978
1964,291.07051400737015,183.9005246570355
1965,292.238090588811,186.99262526233576
1966,280.34150471674474,190.13612533898697
1967,298.8579321832367,193.72794602572338
1968,281.04163268206725,193.67603996144905
1969,297.3622250753976,196.4784214363377
1970,266.86179877155774,199.0037473321158
1971,276.35529503478887,199.2437445502758
1972,285.05400656006225,199.23180702032963
1973,308.2429945270578,202.23238165121649
1974,285.3516315112586,205.05319580507995
1975,268.85598685704787,208.23634279142814
1976,284.7380265990353,211.83721056264778
1977,249.9986534823065,214.8517391592812
1978,284.23627460246826,217.4802992772386
1979,272.58309540250116,217.1508972017678
1980,304.5934471328589,220.31293484231756
1981,273.9286655261176,222.96312974987916
1982,318.23954236003624,226.2660799531289
1983,311.80064467953235,229.1209232917038
1984,287.49592414541144,231.5448856478762
1985,302.06150211550096,234.53092764325072
1986,253.29782166448155,236.67151090381088
1987,254.1746823344365,238.99601921652342
1988,318.32139522278914,239.49340052876076
1989,281.6576935987748,239.49627214327836
1990,283.8282176536718,239.5820832008119
1991,304.62920900913736,239.87470628637607
1992,152.4632326937928,238.55127662203225
1993,270.7686968712005,241.06870957987618
1994,-8.304758970189695,240.81177886006313
1995,288.8160919762102,241.07247001516123
1996,309.87739345140403,241.7168728398058
1997,261.57597365858544,241.51052246981754
1998,325.13065608615557,241.9725760357903
1999,298.61704285058545,244.7053558193058
