,ep_reward,steps,avg_reward
0,3.7667168651728247,99,3.7667168651728247
1,-253.3827866523874,126,-124.8080348936073
2,-181.98652225635104,82,-143.86753068118855
3,-343.10309388259736,174,-193.67642148154076
4,-290.9923383370593,101,-213.13960485264448
5,-274.17434869386375,187,-223.31206215951434
6,-291.05983375212645,177,-232.99031524417322
7,-315.4789009306626,185,-243.30138845498436
8,-194.1453643917412,142,-237.8396080035129
9,-255.08764897445857,243,-239.56441210060748
10,-196.15326875875394,155,-235.61794452407537
11,-95.23896234711484,224,-223.91969600932865
12,-229.6235263176218,89,-224.35845218688968
13,-303.83071441215276,121,-230.035042345837
14,-151.0764644110767,164,-224.77113715018635
15,-283.9738026997551,161,-228.47130374703437
16,-239.07027105399527,148,-229.09477241214972
17,-213.06975164097017,132,-228.2044934804175
18,-183.75375506095392,93,-225.8649809320247
19,-308.46290899716143,87,-229.99487733528153
20,-565.8638036155938,76,-245.9886357295821
21,-205.69105962006398,184,-244.156927724604
22,-175.94994183180043,80,-241.19140659882993
23,-181.37026575727674,110,-238.6988590637652
24,-242.9847299432171,137,-238.87029389894326
25,-194.72169419675487,92,-237.17227083347447
26,-193.1816595958607,92,-235.54298893578508
27,-252.37174260086607,107,-236.1440158523951
28,-255.8067704851706,95,-236.82204187421496
29,-173.47826211128427,107,-234.71058254878395
30,-177.23625609104337,98,-232.8565720178891
31,-236.40759531853254,103,-232.9675414960342
32,-215.90334778543627,136,-232.45044471692518
33,-201.26239107533354,116,-231.53314902158422
34,-123.8982507670099,127,-228.45786621431068
35,-211.7297739620938,112,-227.99319698508245
36,-182.8861011126244,101,-226.77408628582683
37,-161.6126643478612,75,-225.05931202430145
38,-201.15578461100284,135,-224.44640106498608
39,-89.59797106930179,106,-221.07519031509395
40,-201.57431907697924,97,-220.5995593092863
41,-269.2079946920496,180,-221.75690300887587
42,-184.23580922264154,97,-220.88431943245183
43,-151.73545531915045,85,-219.31275433896772
44,-202.41501762809364,97,-218.93724907872607
45,-201.73577928104953,97,-218.5633040831244
46,-13.861806346231617,89,-214.2079530674458
47,-229.81077128696475,108,-214.5330117803525
48,-48.382076793143256,101,-211.14217637245028
49,-176.91841252253175,125,-210.45770109545188
50,-247.15982765031626,138,-211.17735063574332
51,-147.79392817933632,121,-209.95843866542782
52,-111.18868432852206,240,-208.09485839492018
53,-224.66176252548206,100,-208.40165291585652
54,-224.03938689628455,84,-208.68597535186427
55,-111.59881430223471,123,-206.95227604740663
56,-103.45889780371326,255,-205.1366027448857
57,-245.01474016564546,170,-205.82415683834705
58,-143.7647105025363,131,-204.77230181570621
59,-124.32552901560393,119,-203.43152226903786
60,-101.63716049221188,194,-201.76276223990956
61,-143.47208323854377,89,-200.82258999795206
62,-180.91897966158632,180,-200.5066596751526
63,-330.8015342732609,159,-202.542517090748
64,-184.6032481356821,293,-202.26652833759312
65,-191.70347250912636,151,-202.1064820371618
66,-59.58206635044351,256,-199.97925195228544
67,-199.3471126274011,102,-199.96995578574302
68,-223.07518382251243,141,-200.3048141630875
69,-161.1081077603203,140,-199.74486121447657
70,-73.30864263901864,143,-197.96406940355462
71,-227.34749614946708,103,-198.37217255280336
72,-96.24355491345496,117,-196.97315039336024
73,-109.2201055127495,101,-195.78729843551417
74,-199.6646596713581,275,-195.83899658532542
75,-62.335370013237636,115,-194.08236991990321
76,-203.627277055938,165,-194.2063297528387
77,-140.10215521381622,179,-193.5126864895179
78,-206.32067970825904,83,-193.67481298595766
79,-219.52970973326774,160,-193.99799919529906
80,-108.26590879215017,85,-192.93957832612438
81,-107.68950840352876,187,-191.89994332706834
82,-210.01525126905761,83,-192.118200049261
83,-218.94690603075622,138,-192.43758940618355
84,-87.24252110280827,76,-191.2000003673203
85,-106.91799097156773,72,-190.21997700225342
86,-169.41070533724752,243,-189.98078997162114
87,-196.7529221682762,96,-190.05774601931043
88,-222.10717361382518,126,-190.41785194733868
89,-68.73288446859206,198,-189.06579675313037
90,-84.15721178156579,123,-187.91295516003626
91,-93.48135863928604,103,-186.88652476307158
92,-211.27754077384722,143,-187.14879375243476
93,-234.21437423043875,139,-187.6494914170944
94,-217.44584825716439,94,-187.9631372785688
95,-180.18302311164675,126,-187.88209442266336
96,-222.2162828727442,108,-188.2360551283343
97,-204.43920916758373,95,-188.40139343485725
98,-220.4277488776363,187,-188.7248919746833
99,-190.45546412035168,83,-188.74219769613995
100,-64.47165676014268,239,-189.42458143239313
101,-174.5596201830681,153,-188.6363497676999
102,-242.03816278911825,69,-189.23686617302758
103,-66.12000070991986,83,-186.46703524130083
104,-114.2004643473577,108,-184.69911650140384
105,-70.65659965087053,93,-182.6639390109739
106,-99.58059142322979,121,-180.74914658768495
107,-125.79157442339005,97,-178.8522733226122
108,-87.81704026381864,97,-177.78899008133297
109,-70.77304148068264,140,-175.94584400639525
110,-93.62184770361469,132,-174.92052979584386
111,-18.67085172356613,101,-174.15484868960837
112,-81.9236567518129,147,-172.6778499939503
113,-2.8500706972649965,178,-169.66804355680142
114,-97.22406694390769,134,-169.12951958212977
115,-31.179983567334332,217,-166.6015813908055
116,-23.951845859056974,310,-164.4503971388561
117,-153.26648594300366,439,-163.85236448187644
118,-96.67351443716908,213,-162.9815620756386
119,-42.878864435396565,166,-160.32572163002095
120,-64.12956043910292,313,-155.30837919825606
121,-136.40479706870568,543,-154.61551657274248
122,-62.965705445749805,999,-153.48567420888196
123,-81.57650827542443,999,-152.48773663406342
124,-53.17013662860038,999,-150.58959070091726
125,-59.01871340312792,359,-149.23256089298098
126,154.34190966139846,495,-145.7573252004084
127,-30.164628025415997,999,-143.53525405465388
128,-41.40382553313603,999,-141.39122460513354
129,-6.960810539791849,999,-139.72605008941864
130,-62.14867168304379,999,-138.57517424533862
131,-59.02990961497493,999,-136.80139738830306
132,-28.375968074713363,999,-134.92612359119582
133,16.883520782516005,999,-132.74466447261733
134,19.963603869518323,999,-131.30604592625204
135,187.2277430330552,549,-127.31647075630053
136,-10.541176656910324,999,-125.59302151174339
137,-42.69836355447403,999,-124.40387850380952
138,-26.499783454858605,999,-122.65731849224811
139,-67.363616165218,999,-122.43497494320727
140,-178.8606417719306,254,-122.20783817015679
141,-159.63096694463565,242,-121.11206789268266
142,-125.93600154862193,325,-120.52906981594244
143,-163.92200850891697,214,-120.65093534784012
144,-148.76095004571607,133,-120.11439467201633
145,-169.3681429166512,119,-119.79071830837235
146,-145.4626548220694,153,-121.10672679313073
147,-144.55614973743144,171,-120.2541805776354
148,-55.627377085926824,280,-120.32663358056323
149,-142.45627475548028,95,-119.9820122028927
150,-174.27445577811875,199,-119.25315848417073
151,-198.41744441188717,127,-119.75939364649625
152,-197.4773247277828,180,-120.62228005048887
153,-183.0906480305796,242,-120.20656890553983
154,-52.18914882602424,999,-118.48806652483721
155,-117.75405165282633,140,-118.54961889834314
156,-145.23000616665396,166,-118.96732998197254
157,-117.37172850758057,121,-117.69089986539187
158,-15.35920523517195,999,-116.40684481271825
159,-29.450834165979973,999,-115.458097864222
160,-70.83427996533635,137,-115.15006905895325
161,-5.50081050905748,999,-113.77035633165842
162,15.370722371795065,999,-111.80745931132458
163,5.367982465819592,999,-108.44576414393379
164,-7.8593644848433595,999,-106.6783253074254
165,-22.442035488735616,999,-104.9857109372215
166,10.811972860040187,999,-104.28177054511667
167,-5.003469858302639,999,-102.33833411742567
168,-3.6319244891783136,999,-100.14390152409233
169,-31.85859670316908,999,-98.8514064135208
170,-50.09485542021066,999,-98.61926854133273
171,-11.866345211542777,999,-96.4644570319535
172,45.012348879644335,999,-95.05189799402253
173,14.049330549889554,999,-93.81920363339611
174,57.26097590038971,999,-91.24994727767864
175,-18.81355147374324,999,-90.81472909228368
176,-97.39010748133772,999,-89.75235739653766
177,-132.24645467264077,403,-89.67380039112591
178,-28.71167970264222,999,-87.89771039106974
179,-7.770381464189369,999,-85.78011710837899
180,-178.05736179113003,999,-86.47803163836878
181,-8.03759710463165,999,-85.48151252537983
182,-21.758817886118536,999,-83.5989481915504
183,13.764849729658328,999,-81.27183063394625
184,20.39965640703657,999,-80.1954088588478
185,37.8892683685094,999,-78.74733626544705
186,48.62262175487717,999,-76.5670029945258
187,-26.290161492614658,999,-74.86237538776918
188,15.061213128356473,999,-72.49069152034737
189,20.88351206332264,999,-71.59452755502822
190,184.41923799144973,712,-68.90876305729807
191,-5.426557565970921,999,-68.02821504656492
192,204.5335583645961,446,-63.87010405518047
193,-107.08101692587094,999,-62.598770482134796
194,-131.22458327467928,999,-61.73655783230995
195,-199.00926457836232,946,-61.9248202469771
196,-81.94488266952897,999,-60.52210624494495
197,-157.89221984604944,696,-60.0566363517296
198,237.06468905698563,265,-55.48171197238338
199,-61.842915347033255,598,-54.19558648465019
200,-69.31624244907793,342,-54.24403234153955
201,-83.91877978773115,384,-53.33762393758618
202,-36.855091743858,999,-51.28579322713359
203,-105.39267249328158,635,-51.67851994496719
204,-19.260217779984497,999,-50.729117479293464
205,226.85455232561824,237,-47.75400595952858
206,-45.012414200565985,201,-47.20832418730195
207,-29.066999838702376,999,-46.24107844145506
208,-42.0189155483788,999,-45.783097194300666
209,-19.475853668043282,999,-45.270125316174266
210,230.34516899569184,299,-42.0304551491812
211,-25.310656153345406,364,-42.09685319347899
212,-76.98145925489958,324,-42.04743121850986
213,-88.13623751251696,134,-42.90029288666237
214,-79.73422113131336,328,-42.72539442853645
215,-68.42210628350715,999,-43.09781565569817
216,-27.823869903050678,285,-43.13653589613811
217,-75.63814475636173,394,-42.36025248427168
218,-74.5165253069346,999,-42.13868259296935
219,-35.13349987742493,999,-42.06122894738963
220,-55.85714174124433,999,-41.978504760411035
221,224.02484688991095,278,-38.37420832082488
222,-62.18252740600357,999,-38.36637654042741
223,-84.63880167882394,999,-38.39699947446141
224,-72.59279137148764,144,-38.59122602189028
225,-51.17005544253316,217,-38.512739442284335
226,24.754589375304214,999,-39.80861264514529
227,-28.091439165772588,999,-39.787880756548844
228,-67.50103716280799,999,-40.04885287284557
229,-67.44655706786304,999,-40.65371033812628
230,-102.29221693158038,463,-41.05514579061164
231,-108.50760540082644,182,-41.54992274847015
232,47.31438742428592,999,-40.793019193480156
233,-60.69064478757383,338,-41.568760849181054
234,215.3091005654337,353,-39.615305882221904
235,-35.42794154060744,999,-41.84186272795852
236,-140.34251687791908,595,-43.139876130168616
237,-74.1472159281357,999,-43.45436465390524
238,-34.776183538540145,999,-43.537128654742055
239,-35.6602181629093,999,-43.220094674718965
240,134.2728682906262,966,-40.088759574093395
241,-40.54504981346321,999,-38.897900402781666
242,-7.54389811514134,999,-37.713979368446864
243,-100.47196503177278,999,-37.079478933675425
244,213.40477115364564,633,-33.45782172168181
245,-0.5616546620479923,999,-31.769756839135784
246,-186.72913119555648,878,-32.18242160287065
247,221.7064264578679,358,-28.519795840917656
248,212.26383293095003,412,-25.840883740748883
249,165.72347230136938,445,-22.759086270180386
250,-41.53706072602154,999,-21.431712319659415
251,-25.187397814046534,999,-19.699411853681003
252,-20.02760778798666,999,-17.924914684283046
253,-29.224159700248403,999,-16.386249800979737
254,-48.64749525179312,999,-16.350833265237426
255,-166.37225952621395,715,-16.837015343971302
256,-210.6902713865542,872,-17.4916179961703
257,-139.17964300370338,474,-17.70969714113153
258,-42.59016683837332,999,-17.982006757163546
259,-19.84598453518815,999,-17.88595826085563
260,-152.728313559995,471,-18.704898596802217
261,-204.2618552195234,416,-20.692509043906874
262,-176.29150836759632,545,-22.609131351300785
263,-127.81115296030322,526,-23.940922705562016
264,-138.75655964317417,448,-25.249894657145322
265,-213.74765808441256,604,-27.162950883102095
266,-29.25736389341766,309,-27.563644250636674
267,-147.18922921582066,497,-28.98550184421185
268,-162.02968235716764,425,-30.569479422891742
269,-151.23191707928927,447,-31.763212626652948
270,-151.22624009767028,385,-32.774526473427535
271,-154.68936593462922,875,-34.2027566806584
272,-127.79759213565843,501,-35.93085609081143
273,-162.08557243499604,895,-37.69220512066028
274,-126.13028940643557,475,-39.52611777372854
275,-133.75755149955162,463,-40.67555777398662
276,-152.8571916693315,467,-41.230228615866565
277,-114.99535137771989,481,-41.05771758291735
278,-109.14917934698084,541,-41.86209257936074
279,-117.37575515513089,584,-42.95814631627015
280,193.23702683804694,867,-39.24520242997839
281,-164.55951067227846,821,-40.81042156565486
282,-172.73369314947604,692,-42.32017031828844
283,261.4361291164556,287,-39.84345752442046
284,-125.5067746881398,999,-41.302521835372225
285,-85.17258647064098,999,-42.53314038376374
286,257.46206425309805,307,-40.444745958781525
287,221.53356143426012,628,-37.96650872951277
288,-77.50032965309822,999,-38.89212415732731
289,-8.327345885046908,999,-39.184232736811
290,224.0181357501911,503,-38.78824375922359
291,260.54989983717235,521,-36.12847918519217
292,232.3877817395623,301,-35.84993695144251
293,216.38451236369067,394,-32.615281658546884
294,175.3233588846125,553,-29.54980223695397
295,195.2143965160034,634,-25.60756562601032
296,0.9707631506859231,999,-24.778409167808167
297,221.07124825170118,295,-20.98877448683066
298,56.33479330367883,999,-22.796073444363724
299,28.014084783711745,999,-21.897503443056276
300,225.14091761627543,466,-18.952931842402744
301,61.078189033735626,999,-17.502962154188072
302,203.4696124613895,797,-15.099715112135598
303,221.63894222434766,545,-11.829398964959307
304,191.4606847255289,555,-9.722189939904172
305,179.72623596830175,608,-10.193473103477338
306,214.88079843693825,964,-7.594540977102297
307,-32.23378612390114,999,-7.626208839954286
308,258.0215243403791,451,-4.625804441066707
309,146.22870539317168,546,-2.9687588504545555
310,201.33290048877186,662,-3.258881535523757
311,59.75542689863903,999,-2.4082207050039095
312,-15.661300767142539,999,-1.7950191201263401
313,177.4336403952566,637,0.860679658951396
314,-6.859489790305739,999,1.589426972361473
315,210.02437033770138,965,4.373891738573559
316,-25.078085004599195,999,4.401349587558074
317,-41.531886254472,999,4.742412172576971
318,-36.239895230638936,999,5.125178473339926
319,-68.34602384803165,999,4.79305323363386
320,2.3621541457056123,999,5.37524619250336
321,9.808607693096086,999,3.23308380053521
322,-13.850243304006462,999,3.716406641555181
323,-24.56663302349956,999,4.317128328108425
324,289.9333074325457,429,7.942389316148759
325,-55.19102130626307,999,7.902179657511459
326,-20.391368389758597,999,7.45072007986083
327,-21.28801369563535,999,7.518754334562204
328,40.82419223620974,190,8.602006628552381
329,-36.35010420880111,999,8.912971157143003
330,80.30677632504413,147,10.738961089709244
331,-3.6956904782357007,999,11.78708023893515
332,284.39180192901085,543,14.157854383982398
333,83.70854535162795,999,15.601846285374418
334,98.31305959094385,999,14.431885875629519
335,46.789264537846265,148,15.254057936414055
336,131.46327038063018,999,17.972115808999543
337,50.54727330267036,148,19.21906070130761
338,131.59288943010526,999,20.882751430994063
339,248.2324462408179,225,23.72167807503133
340,250.95668151944201,723,24.888516207319494
341,228.92381188062583,698,27.583204824260385
342,234.56519984245872,389,30.004295803836385
343,250.9558701727986,385,33.5185741558821
344,262.4965834837018,251,34.00949227918266
345,249.64269819846936,231,36.51153580778783
346,258.44946694986913,476,40.96332178924209
347,226.23521475805484,239,41.008609672243956
348,278.23834052172185,280,41.66835474815167
349,262.21404988260224,186,42.63326052396401
350,266.90965476749466,606,45.717727678899166
351,269.729858063987,177,48.6669002376795
352,265.9503296406407,499,51.526679611965776
353,270.5633203796451,355,54.52455441276471
354,265.38120955211855,578,57.664841460803835
355,231.9617447831973,283,61.64818150389794
356,263.9846561371177,270,66.39493077913465
357,109.39121869268429,999,68.88063939609854
358,235.71299777093168,581,71.6636710421916
359,46.56899450573439,999,72.32782083260082
360,224.60930114252355,426,76.101196979626
361,-16.72662260796923,999,77.97654930574156
362,237.5659030287869,259,82.11512341970538
363,282.6716581308873,346,86.21995153061727
364,268.20570669757103,362,90.2895741940247
365,233.27218056019416,687,94.75977258047078
366,145.56116877313318,999,96.50795790713627
367,172.34253719339642,582,99.70327557122847
368,218.5537582812056,896,103.50910997761221
369,-121.17486623685275,780,103.80968048603656
370,70.43602762116251,999,106.0263031632249
371,-64.94070533724228,999,106.92378976919878
372,-166.97731457737095,822,106.53199254478164
373,-43.229933285153706,999,107.72054893628008
374,-36.22572816924237,999,108.61959454865202
375,-76.54660347252054,999,109.1917040289223
376,-86.54048992097795,999,109.85487104640586
377,-118.09766174824814,684,109.82384794270058
378,-131.8400056050923,662,109.59693968011945
379,-58.94334839994643,999,110.18126374767131
380,-220.62595726818466,973,106.04263390660898
381,-59.138602642997064,999,107.09684298690179
382,-104.0764229432093,427,107.78341568896447
383,-63.73868968067295,999,104.53166750099315
384,-114.91908729554223,331,104.63754437491914
385,226.36719360093076,525,107.75294217563486
386,-72.98280471909675,264,104.44849348591292
387,-169.34023680861233,755,100.53975550348419
388,-45.16886994727433,235,100.86307010054244
389,-67.75157822548255,374,100.26882777713809
390,-48.28648066928785,239,97.54578161294329
391,224.01844037262288,414,97.18046701829779
392,-72.52168517865006,290,94.13137234911568
393,230.75695593639242,686,94.2750967848427
394,246.91987205056157,655,94.99106191650219
395,278.9430310357185,583,95.82834826169933
396,-55.247993295186824,227,95.26616069724061
397,277.0899236542213,475,95.82634745126579
398,234.03869531634635,408,97.6033864713925
399,155.2803479117535,287,98.87604910267291
400,280.0367916128673,309,99.42500784263882
401,-43.09473138161552,222,98.3832786384853
402,223.00064810623212,653,98.57858899493374
403,-71.33804816506034,376,95.64881909103966
404,-55.53346613862981,290,93.17887758239806
405,191.91957187035317,587,93.30081094141859
406,265.96263900944933,256,93.8116293471437
407,212.21645091184305,473,96.25613171750113
408,286.4365866848765,351,96.54028234094612
409,232.87462824590173,743,97.4067415694734
410,291.7011099904778,261,98.31042366449046
411,279.4903405724147,288,100.5077728012282
412,204.84974262789743,868,102.71288323517864
413,214.6889599643033,526,103.08543643086908
414,258.1321004084788,249,105.73535233285693
415,223.82519172721248,573,105.87336054675205
416,297.595215964472,483,109.10009355644276
417,-44.3403491608593,218,109.07200892737886
418,241.98456109994652,294,111.85425349068473
419,308.57252437209274,554,115.62343897288599
420,200.59130777931952,793,117.60573050922214
421,-52.35221306463428,236,116.98412230164482
422,296.8090070541962,411,120.09071480522685
423,237.18892326226347,352,122.70827036808448
424,182.90786695115014,622,121.63801596327053
425,275.6182461472022,625,124.94610863780517
426,242.6568987192385,234,127.57659130889515
427,262.8575905868578,267,130.41804735172008
428,280.2411667813251,320,132.81221709717124
429,-59.984446983055086,348,132.5758736694287
430,238.56123712135022,380,134.15841827739175
431,-19.468985682196134,308,134.00068532535212
432,247.50025364144406,335,133.63176984247647
433,239.81699028043136,220,135.19285429176452
434,217.23110524299972,376,136.38203474828507
435,260.7350862168474,247,138.52149296507508
436,247.20374599695197,201,139.67889772123831
437,282.7032989186174,240,142.0004579773978
438,250.2258304103898,279,143.18678738720064
439,168.1369879140858,638,142.38583280393328
440,257.1491690851334,206,142.44775767959018
441,250.52686680240822,309,142.66378822880802
442,288.851737244324,229,143.20665360282666
443,207.22345050382427,671,142.76932940613693
444,-52.87754130877748,148,139.61558815821215
445,279.9832777362868,235,139.91899395359033
446,-36.526407460738426,217,136.96923520948425
447,286.4561156388953,237,137.57144421829264
448,244.58216166583958,165,137.23488242973383
449,265.6851454453124,226,137.26959338536093
450,236.45250006333214,207,136.96502183831933
451,179.4218364353589,466,136.061941622033
452,271.1376816799882,201,136.1138151424265
453,287.2266968082742,229,136.28044890671276
454,312.42342600908216,247,136.7508710712824
455,-101.1722080580495,388,133.41953154286995
456,286.2836045232058,559,133.64252102673083
457,296.28591413221613,348,135.51146798112615
458,229.9458499511216,409,135.45379650292804
459,-75.61096394286936,157,134.23199691844204
460,302.023072768519,267,135.006134634702
461,297.97161512618067,244,138.15311701204348
462,274.2284303966786,231,138.51974228572237
463,262.1976785702477,157,138.315002490116
464,282.6989019252696,234,138.45993444239298
465,236.65078438286687,182,138.49372048061971
466,291.16352129333944,198,139.94974400582177
467,264.32585593823933,216,140.8695771932702
468,291.33952544520537,154,141.5974348649102
469,-103.61946463106837,420,141.77298888096803
470,250.38200697386205,206,143.57244867449504
471,249.013593737576,197,146.7119916652432
472,257.36089109948955,480,150.9553737220118
473,231.53639972570647,386,153.7030370521204
474,259.27681176311967,669,156.65806245144404
475,275.918363227765,196,160.18271211844691
476,-61.40505665400738,227,160.4340664511166
477,256.68159697477785,493,164.18185903834686
478,68.5092253599139,999,166.1853513479969
479,284.24412844533936,262,169.61722611644979
480,292.62305674432855,225,174.74971625657486
481,-55.748508184566106,213,174.7836172011592
482,243.80621689998466,324,178.26244359959114
483,288.55233057131613,609,181.78535380211105
484,265.6792375769743,179,185.59133705083622
485,242.37717756272434,250,185.75143689045416
486,261.8729337266442,306,189.09999427491158
487,270.5825483858997,180,193.4992221268567
488,312.3107525394212,265,197.07401835172368
489,273.7643557093873,164,200.4891776910724
490,267.20256963278246,153,203.64406819409308
491,269.3808279662858,196,204.0976920700297
492,267.4046592986306,184,207.49695551480247
493,249.1018823354361,167,207.6804047787929
494,36.42381073396942,105,205.57544416562698
495,263.63860264667346,219,205.42239988173648
496,258.2634289086084,183,208.55751410377448
497,235.6173927140844,314,208.14278879437308
498,303.92737953141113,226,208.8416756365238
499,270.3031580866783,215,209.99190373827298
500,250.3542930786219,291,209.69507875293056
501,259.71560837431446,177,212.72318215048983
502,289.52995712796996,183,213.38847524070718
503,260.1571353668877,197,216.7034270760267
504,242.59237131088213,170,219.68468545052184
505,277.74691370786707,197,220.54295886889696
506,273.64939333085067,188,220.619826412111
507,30.858554293691043,102,218.8062474459295
508,253.8196973346919,164,218.48007855242767
509,301.8696345709341,169,219.17002861567798
510,286.7871517340741,176,219.12088903311397
511,301.312917540571,236,219.3391148027955
512,270.07235827683337,160,219.99134095928486
513,293.70211324345473,226,220.78147249207635
514,265.4689371474047,188,220.85484085946558
515,274.6438026467189,161,221.3630269686607
516,265.5501889050621,182,221.0425766980666
517,284.4918498632319,402,224.33089868830746
518,305.1262619459078,248,224.96231569676712
519,285.4597258020806,206,224.731187711067
520,283.10998483539083,212,225.55637448162773
521,279.15609278692546,187,228.87145754014327
522,311.03329041429413,203,229.01370037374426
523,301.30862850735605,206,229.65489742619516
524,281.31898660302255,225,230.63900862271387
525,243.0032060983901,170,230.31285822222577
526,250.19249366020176,568,230.3882141716354
527,282.1381319232554,520,230.5810195849994
528,273.6440286812333,197,230.51504820399848
529,260.38675047460964,164,233.7187601785751
530,278.3022478430422,200,234.11617028579207
531,250.1991548337682,216,236.81285169095167
532,274.8757699044437,175,237.08660685358169
533,292.17284796959535,199,237.61016543047336
534,240.47960618864704,168,237.84265043992983
535,283.842006662553,198,238.07371964438684
536,290.47578373740816,150,238.50644002179146
537,264.9906770047977,236,238.3293138026532
538,273.31264099326575,154,238.56018190848198
539,290.01695455694596,154,239.77898157491055
540,259.5016591428206,166,239.80250647548746
541,252.16387091290656,706,239.81887651659247
542,272.1878459229259,165,239.6522376033785
543,282.94879187338444,193,240.40949101707412
544,270.7263211921555,191,243.64552964208337
545,268.47959354474244,183,243.53049280016796
546,270.18721405028145,181,246.5976290152782
547,260.2651206015353,335,246.33571906490462
548,276.36652849425866,192,246.65356273318875
549,274.21347078697545,201,246.73884598660538
550,291.71504092716725,236,247.2914713952437
551,259.6808083751081,188,248.0940611146412
552,8.610103694215821,999,245.46878533478355
553,261.58728201821333,194,245.21239118688288
554,266.7812897766772,200,244.7559698245588
555,261.0708675071286,164,248.3784005802106
556,275.42242940349416,172,248.2697888290135
557,262.8215761241685,917,247.93514544893307
558,251.59249848541185,184,248.15161193427593
559,271.9667370626301,369,251.62738894433093
560,82.18496817475234,999,249.42900789839325
561,283.409304239028,209,249.2833847895217
562,-33.871266237565266,999,246.20238782317927
563,30.716194241051454,999,243.88757297988732
564,-13.322653942274759,999,240.92735742121187
565,291.852633483202,264,241.47937591221526
566,-45.32906501937245,999,238.1144500490881
567,-17.706883377828536,999,235.29412265592742
568,216.3502095887959,539,234.54422949736335
569,247.0526928800976,407,238.050951072475
570,38.20520212759271,999,235.9291830240123
571,257.2046753813321,190,236.01109384044986
572,261.43140845065875,204,236.05179901396158
573,266.18613369135016,241,236.39829635361798
574,-17.147310507246804,999,233.63405513091436
575,257.25161585702074,250,233.4473876572069
576,267.6458637955185,384,236.73789686170213
577,-27.45981159093558,999,233.89648277604502
578,8.473532205565188,999,233.29612584450152
579,4.885183374923535,999,230.50253639379739
580,269.16992419306376,219,230.26800506828474
581,283.0088516148895,213,233.6555786662793
582,249.16406836771742,200,233.70915718095665
583,252.95138898812002,218,233.35314776512467
584,259.8504088762131,199,233.29485947811702
585,280.2505161078941,485,233.67359286356879
586,-27.46940760967281,999,230.78016945020562
587,20.861568014219745,999,228.28295964648882
588,116.75403875837064,999,226.32739250867832
589,-45.16971916858268,999,223.13805175989862
590,-5.167301147619508,999,220.41435305209458
591,130.8603685580605,967,219.02914845801232
592,266.2844451097392,307,219.01794631612339
593,283.8454343305384,260,219.36538183607442
594,265.1461341419632,597,221.65260507015435
595,242.8472995322976,576,221.44469203901062
596,241.32851858617988,546,221.27534293578628
597,140.14453104536818,999,220.32061431909915
598,272.7991210069134,364,220.0093317338541
599,254.67863648243176,434,219.85308651781168
600,294.7548220825286,347,220.29709180785073
601,252.74157841935565,617,220.22735150830115
602,120.95257404709847,999,218.54157767749248
603,247.08159938295512,465,218.41082231765319
604,273.1744045664303,638,218.7166426502086
605,224.6581976389141,562,218.1857554895191
606,268.4826826987591,293,218.1340883831982
607,248.6532825702377,478,220.31203566596366
608,275.7765622778254,440,220.53160431539493
609,258.7625443626119,498,220.10053341331175
610,264.1377252825513,448,219.87403914879656
611,269.4391768359076,823,219.5553017417499
612,272.9327352523811,559,219.58390551150535
613,235.13526510632647,315,218.9982370301341
614,266.81121759610943,678,219.01165983462116
615,261.1411258950459,585,218.87663306710442
616,275.6683964255148,189,218.97781514230894
617,256.4407351286417,365,218.69730399496305
618,257.173260992683,158,218.21777398543077
619,218.94299151054878,296,217.55260664251546
620,271.633689944389,150,217.43784369360546
621,253.23137869957682,478,217.178596552732
622,259.22839376488105,725,216.6605475862378
623,294.1629810747273,912,216.58909111191159
624,237.96817366273035,501,216.15558298250863
625,255.13069592489043,379,216.27685788077363
626,215.3111364017165,539,215.9280443081888
627,262.15657683607355,210,215.72822875731697
628,277.35028359671253,204,215.76529130647174
629,278.074609404101,845,215.94216989576668
630,242.28957199955272,717,215.5820431373318
631,233.3217076215261,341,215.41326866520936
632,263.9246245032659,284,215.3037572111976
633,-132.120458860138,901,211.0608241429002
634,240.98721977391,478,211.06590027875282
635,259.05204278556727,539,210.81800063998296
636,272.67855448724833,496,210.64002834748135
637,269.38566005242853,352,210.68397817795764
638,254.47250978243468,258,210.49557686584933
639,167.77972493902146,999,209.2732045696701
640,254.29725163047104,521,209.2211604945466
641,235.16321416419703,380,209.05115392705954
642,292.34940387358506,367,209.2527695065661
643,262.2538988172841,202,209.04582057600513
644,250.13065296919083,322,208.8398638937755
645,238.6574275986109,435,208.54164223431417
646,256.134342114388,353,208.40111351495523
647,247.49898799963816,202,208.2734521889362
648,253.45287774124193,184,208.0443156814061
649,275.0023578002058,303,208.0522045515384
650,242.81306497038958,250,207.56318479197068
651,263.98374086025393,369,207.6062141168221
652,-176.61294154720196,833,205.75398366440794
653,-120.32112017996103,573,201.93489964242616
654,217.65897911193036,700,201.44367653577874
655,240.91895893745286,450,201.24215745008195
656,256.05042444680464,456,201.04843740051507
657,186.30963477557935,791,200.28331798702914
658,240.6205403856624,255,200.17359840603166
659,-100.39289042066322,263,196.45000213119872
660,286.5236146460421,401,198.4933885959116
661,256.1140060092129,278,198.2204356136135
662,291.6438416642848,595,201.47558669263196
663,262.4220440004625,406,203.79264519022607
664,282.3834558484423,287,206.7497062881332
665,285.72195199001555,290,206.6883994732014
666,249.32611654860185,186,209.6349512888811
667,291.9850125601172,403,212.7318702482606
668,259.4089769209478,433,213.16245792158213
669,207.05009472832052,525,212.76243194006437
670,246.8719502878736,402,214.8490994216672
671,262.0978959471716,235,214.8980316273256
672,-129.037123745149,423,210.99334630536748
673,-117.38648311231553,349,207.15762013733084
674,-43.85560318878591,431,206.89053721051548
675,-169.12316195230335,476,202.62678943242224
676,-113.99585822604168,572,198.8103722122066
677,-184.17775994856018,642,197.2431927286303
678,-160.73944701684522,476,195.55106293640623
679,-158.61980313515977,685,193.9160130713054
680,251.57823740066308,469,193.7400962033814
681,215.78767748358342,758,193.0678844620683
682,256.9319240160535,749,193.14556301855166
683,-135.01268184207095,771,189.26592231024972
684,-171.4951139119538,871,184.9524670823681
685,234.65311715690194,264,184.49649309285815
686,-101.11221696385864,999,183.76006499931628
687,267.4111485556012,468,186.22556080473015
688,-88.59465966860499,999,184.17207382046038
689,233.70275134413572,349,186.9607985255876
690,-20.91454048769603,181,186.80332613218684
691,2.1414914038287947,99,185.5161373606445
692,263.3739369974646,449,185.48703227952177
693,233.27946318777188,696,184.98137256809412
694,291.69586276542896,326,185.24686985432874
695,289.9659350094857,656,185.71805620910058
696,262.14908954541704,226,185.92626191869297
697,-92.39978575542787,999,183.600818750685
698,280.5665551746482,538,183.67849309236237
699,121.49914717656362,999,182.3466981993037
700,249.34957418950506,869,181.89264572037348
701,284.72518540924415,245,182.21248179027236
702,111.01988926247493,999,182.11315494242612
703,30.221002439872365,99,179.94454897299528
704,-63.89657482103159,999,176.57383917912065
705,276.12948654796185,180,177.08855206821113
706,276.51148411530636,179,177.16884008237662
707,242.85052107352595,676,177.11081246740952
708,251.88554338446565,192,176.87190227847594
709,274.2752856527994,629,177.0270296913778
710,300.0530744362867,382,177.38618318291512
711,215.02046507777,703,176.84199606533377
712,266.9379798110088,185,176.78204851092002
713,286.4785142574076,336,177.29548100243085
714,239.3746284783739,201,177.0211151112535
715,253.82668082180024,402,176.94797066052104
716,293.0858529948191,225,177.12214522621406
717,251.21762128409608,487,177.06991408776864
718,250.75955152588938,654,177.00577699310074
719,277.958069654146,230,177.59592777453665
720,285.8611013196566,282,177.73820188828932
721,267.09797456659345,149,177.8768678469595
722,281.17155814113795,403,178.09629949072206
723,-41.0611019669076,999,174.74405866030568
724,256.0799231386406,189,174.9251761550648
725,272.51717674058943,236,175.09904096322177
726,261.03700104898803,294,175.55629960969452
727,279.6503565111448,211,175.73123740644525
728,248.7920533750962,530,175.44565510422905
729,245.16049942505083,234,175.11651400443859
730,293.75020406886244,183,175.63112032513166
731,267.11021121383465,218,175.96900536105477
732,269.54630909466675,573,176.0252222069688
733,266.7336041338452,194,180.01376283690857
734,247.96359543314665,328,180.08352659350095
735,246.1155738060062,193,179.9541619037053
736,255.1198636133924,614,179.7785749949668
737,271.83985729619747,280,179.80311696740446
738,228.017558492497,223,179.5385674545051
739,237.21508108322737,195,180.23292101594714
740,262.87943807450034,217,180.31874288038748
741,253.64549371519922,230,180.50356567589748
742,254.1437130521891,181,180.1215087676835
743,265.33117310067655,550,180.1522815105174
744,238.20654324468435,183,180.03304041327232
745,280.34416445291845,174,180.44990778181543
746,262.0747216128944,189,180.5093115768005
747,257.2498598796508,275,180.60682029560064
748,262.9833692918533,216,180.7021252111068
749,274.4860940132512,261,180.69696257323724
750,261.97109986323505,212,180.88854292216564
751,266.15106282526244,284,180.91021614181574
752,279.1376052165282,192,185.46772160945304
753,277.88503762018934,210,189.44978318745456
754,259.3438366766392,226,189.86663176310162
755,268.2039382914927,185,190.139481556642
756,249.56275245782328,197,190.0746048367522
757,282.42677346561857,286,191.03577622365256
758,291.3446793497594,224,191.54301761329356
759,274.9018151837229,192,195.29596466933745
760,297.6034562735231,235,195.40676308561225
761,296.33064601859905,234,195.80892948570613
762,287.77999462670493,224,195.7702910153303
763,300.95225036392185,201,196.1555930789649
764,282.3725339046531,224,196.15548385952704
765,258.6655544689765,270,195.88491988431662
766,249.40888372890868,212,195.88574755611967
767,283.194188765695,163,195.79783931817548
768,302.3825094762997,204,196.22757464372896
769,273.3115384320805,197,196.89018908076662
770,288.4132048330444,202,197.3056016262183
771,259.88585234812774,217,197.28348119022792
772,286.4685952785453,207,201.4385383804648
773,288.16869888138035,468,205.49409020040176
774,239.26830707178652,298,208.32532930300752
775,249.05933198620104,184,212.50715424239255
776,-41.48201530835753,999,213.2322926715694
777,311.01198500520627,232,218.18419012110706
778,267.6571964770932,180,222.46815655604644
779,256.807771515427,181,226.62243230255228
780,256.21736825457805,176,226.66882361109143
781,235.22378786130105,609,226.8631847148686
782,255.9773623582202,234,226.85363909829027
783,304.9252768556571,212,231.25301868526753
784,258.6452370581032,692,235.55442219496814
785,271.9452780592052,199,235.92734380399114
786,246.84901522767245,745,239.40695612590645
787,306.7336836363071,224,239.8001814767135
788,277.7046997653415,184,243.46317507105297
789,-33.50593833640352,999,240.79108817424765
790,259.5726624658041,213,243.59596020378262
791,279.84657185891984,162,246.37301100833355
792,285.911788801031,202,246.59838952636926
793,277.1485930129005,199,247.03708082462055
794,274.4026368732316,295,246.8641485656985
795,293.9540999432768,154,246.9040302150364
796,311.04148683987523,195,247.39295418798102
797,291.73492458603545,178,251.23430129139564
798,269.46490615985886,318,251.1232848012477
799,294.03188039555573,180,252.84861213343768
800,250.07016874451406,159,252.8558180789877
801,283.00641925986326,478,252.8386304174939
802,43.0872558949678,128,252.15930408381885
803,55.99466555110487,129,252.41704071493118
804,275.8556277628352,204,255.81456274076984
805,297.43400451558693,318,256.0276079204461
806,29.569085186516475,139,253.55818393115817
807,273.48677817140964,208,253.86454650213702
808,22.572975398212193,159,251.5714208222745
809,287.03122637432944,277,251.6989802294898
810,246.82204350174584,373,251.16666992014441
811,259.8388815870191,147,251.6148540852369
812,7.906572184268754,146,249.0245400089695
813,241.61006588123757,286,248.57585552520786
814,282.8185294512221,174,249.0102945349363
815,47.192314826001564,236,246.94395087497833
816,274.2999588097762,209,246.7560919331279
817,276.8641729489656,335,247.01255744977658
818,34.02904381283395,116,244.84525237264594
819,45.06954742564258,149,242.51636715036094
820,273.7808472095744,290,242.39556460926013
821,251.0849522626531,187,242.23543438622073
822,52.33801762567171,109,239.9470989810661
823,302.84478082199615,170,243.38615780895515
824,238.83378750090864,258,243.21369645257784
825,24.282488153187373,122,240.73134956670384
826,263.78703259970337,218,240.75884988221097
827,18.464492187137623,109,238.14699123897088
828,30.041477862865406,137,235.9594854838486
829,62.218064617635946,87,234.13006113577438
830,287.62323716148217,412,234.06879146670062
831,263.4455062157423,326,234.0321444167197
832,65.0197773389435,156,231.98687909916248
833,283.5733264417105,198,232.15527632224112
834,26.218983235844235,155,229.93783020026814
835,267.94531316751704,203,230.1561275938832
836,70.91436841758261,132,228.31407264192512
837,58.615424593057185,114,226.1818283148937
838,30.16717191595393,109,224.20332444912822
839,37.50640047849927,120,222.20623764308095
840,30.93299941642917,167,219.88677325650028
841,251.33408323576347,344,219.86365915170592
842,61.15030468635774,104,217.9337250680476
843,27.932708336840236,102,215.5597404204093
844,286.1515392870531,263,216.03919038083296
845,28.541281927342197,89,213.52116155557715
846,41.86907390762718,82,211.31910507852447
847,65.00032611659924,79,209.39660974089395
848,261.4624944797141,198,209.38140099277254
849,28.02543284426261,102,206.9167943810827
850,19.217055079806258,93,204.4892539332484
851,12.829028116497255,122,201.95603358616074
852,26.307193468497957,102,199.42772946868047
853,46.95986087461699,168,197.11847770122472
854,35.39668963971411,208,194.87900623085545
855,15.256357910420363,100,192.34953042704473
856,51.214961226588684,82,190.3660525147324
857,11.22930679963838,119,187.65407784807263
858,13.904049921795135,112,184.87967155379297
859,43.46530952080775,103,182.56530649716385
860,26.32789277964659,70,179.85255086222503
861,41.06083200529551,137,177.299852722092
862,-4.9684700439869545,76,174.37236807538508
863,14.000365149303391,174,171.50284922323888
864,-20.75706330390237,93,168.47155325115335
865,2.2611191333105296,219,165.90750889779665
866,13.75384435318135,145,163.5509585040394
867,295.8271650002122,304,163.67728826638455
868,2.8993699440058975,211,160.68245687106165
869,253.44060156078964,288,160.4837475023487
870,16.329017325968977,152,157.76290562727797
871,211.31453306051236,236,157.2771924344018
872,10.418156687666084,60,154.51668804849302
873,-29.045774833210643,99,151.3445433113471
874,-28.565426319581803,98,148.66620597743346
875,36.704449872499026,66,146.54265715629643
876,2.895109176299286,91,146.98642840114297
877,-11.261785385910684,94,143.76369069723182
878,244.2246870814819,200,143.52936560327572
879,-47.27886387663759,79,140.48849924935504
880,248.13383535428613,265,140.40766392035215
881,-24.21668622756475,64,137.81325917946347
882,289.84615753398464,301,138.15194713122114
883,28.23716486189616,73,135.3850660112835
884,-5.190107761960036,86,132.74671256308287
885,-20.499029374289137,62,129.82226948874793
886,-2.374303403417372,79,127.33003630243702
887,-19.5906222416739,92,124.06679324365723
888,29.14711311592751,78,121.58121737716309
889,-67.46998513256403,107,121.24157690920147
890,-50.214876504505156,71,118.14370151949839
891,-22.16486812932129,89,115.12358711961596
892,29.751799049924557,103,112.5619872221049
893,225.6682784657201,580,112.04718407663309
894,-60.806231905130524,139,108.69509538884951
895,-23.841182010363582,85,105.5171425693131
896,16.948134302160696,71,102.57620904393595
897,-30.079474061064033,63,99.35806505746494
898,-79.46106452010136,104,95.86880535066537
899,-75.63658085473624,74,92.17212073816243
900,-74.35619326733718,113,88.92785711804395
901,-31.079841442363843,91,85.78699451102166
902,-62.06716790228131,113,84.73545027304917
903,-107.8553328417681,72,83.09695028912043
904,-88.04740274418153,104,79.45791998405025
905,-40.269075559736876,89,76.08088918329702
906,-109.53309020684082,91,74.68986742936345
907,7.367793791848101,92,72.02867758556783
908,-42.00662904563153,71,71.3828815411294
909,-42.1709895591672,94,68.09085938179442
910,-49.96902489158849,92,65.12294869786108
911,-100.27454265060739,98,61.521814455484815
912,-49.96418703780006,54,60.94310686326413
913,-38.86466751623105,52,58.13835952928945
914,-50.75163702967345,55,54.802657864480494
915,-38.29078867499673,156,53.947826829470515
916,-79.59556300242144,76,50.40887161134853
917,-7.3519465133357365,999,47.56671041672552
918,-113.97673874156757,93,46.0866525911815
919,21.09210963164942,70,45.84687821324156
920,-38.85703618008678,64,42.72049937934496
921,-95.36421920980582,100,39.25600766462036
922,-6.818397235929254,62,38.664443516004354
923,-18.894862679578935,92,35.4470470809886
924,32.818259310926265,109,33.38689179908877
925,-54.908727678127846,69,32.59497964077562
926,-75.10850168339542,58,29.206024297944637
927,-60.88249408988081,86,28.412554435174453
928,-129.1892070989361,71,26.82024758555644
929,-128.04306839424416,69,24.91763625543764
930,-114.4234720658327,83,20.89716916316449
931,-122.64578196719106,58,17.03625628133516
932,250.09163377799797,204,18.886974845725707
933,-121.00336681614952,54,14.841207913147102
934,-99.69788599635166,80,13.582039220825145
935,234.25071523526154,413,13.24509324150259
936,-137.845248740022,95,11.157497069926544
937,-128.76190826983918,110,9.28372374129758
938,-74.99439587896953,146,8.232108063348345
939,-74.17134396058788,82,7.115330618957476
940,-4.6678581066413045,75,6.759322043726769
941,-35.64266406016239,78,3.8895545707675128
942,-25.435329102284584,142,3.0236982328810864
943,-65.60136990718118,55,2.088357450440874
944,-17.368169217144185,88,-0.9468396346010993
945,-107.44993668733113,60,-2.3067518207478317
946,-122.17350963504502,74,-3.9471776561745533
947,11.254278416402101,92,-4.484638133176525
948,-80.24110342668055,84,-7.901674112240471
949,-12.68638081773274,93,-8.308792248860424
950,-23.183564866822806,144,-8.732798448326713
951,-22.79178865169372,95,-9.089006616008625
952,-78.80140522704257,75,-10.140092602964032
953,-70.76284309974065,103,-11.31731964270761
954,-17.546984052186332,77,-11.846756379626614
955,-61.819486966147906,131,-12.617514828392295
956,-84.46509516767259,87,-13.97431539233491
957,-17.16597390615854,91,-14.258268199392878
958,14.797280057031301,79,-14.249335898040517
959,-51.26634605607742,62,-15.196652453809373
960,-65.32462254661453,65,-16.113177607071986
961,-64.20537198626121,144,-17.16583964698755
962,-51.836540750145204,59,-17.63452035404913
963,-76.17794501149736,75,-18.536303455657137
964,-35.03607771755672,127,-18.67909359979368
965,-50.86814362641797,70,-19.210386227390963
966,258.8571041541941,255,-16.75935362938084
967,-61.10272501685461,77,-20.3286525295515
968,-61.64275939467396,69,-20.974073822938305
969,7.194025519795488,105,-23.436539583348246
970,8.696353711057256,64,-23.512866219497365
971,-15.16624819777239,66,-25.777674032080213
972,-67.13017539352617,68,-26.553157352892132
973,-61.69414646027772,74,-26.879641069162805
974,38.55403461886655,135,-26.208446459778326
975,4.659755839354418,88,-26.52889340010977
976,-8.179224859993937,97,-26.639636740472703
977,-8.017118540776039,99,-26.607190072021353
978,-24.232435809783638,73,-29.29176130093401
979,-13.629573415622943,66,-28.955268396323863
980,265.6634843340378,586,-28.77997190652634
981,-13.480214553009262,81,-28.672607189780784
982,-9.663482991790886,68,-31.667703595038542
983,18.221898281704128,69,-31.767856260840457
984,8.714850645804916,76,-31.628806676762814
985,33.69621815388871,118,-31.08685420148104
986,279.92170122096775,327,-28.26389415523719
987,25.742431302101792,97,-27.810563619799424
988,10.48615488071681,85,-27.997173202151533
989,41.84798908555183,143,-26.90399345997038
990,-5.659006230916702,72,-26.45843475723449
991,-32.48357534401477,85,-26.56162182938143
992,2.959646548521704,92,-26.82954335439545
993,41.083490097741645,80,-28.67539123807525
994,47.02595815698044,87,-27.59706933745413
995,-6.605775969822716,91,-27.424715277048726
996,7.415414719182735,101,-27.520042472878504
997,51.8847726012622,91,-26.70040000625524
998,13.111504054574695,79,-25.77467432050848
999,257.70800778219456,183,-22.44122843413917
1000,279.0222112265976,217,-18.90744438919982
1001,279.83872133661225,215,-15.79825876141006
1002,275.70525933526596,187,-12.420534489034587
1003,279.82942957797275,174,-8.54368686483718
1004,269.9630468588183,286,-4.963582368807184
1005,17.70932065141932,116,-4.383798406695622
1006,24.477159974174782,76,-3.043695904885465
1007,5.141518092807971,97,-3.0659586618758654
1008,16.05876039120062,138,-2.4853047675075453
1009,22.123417584429774,107,-1.842360696071574
1010,250.6453929268928,662,1.1637834821132398
1011,36.439579369406005,112,2.5309247023133734
1012,25.62595736397698,108,3.2868261463311437
1013,21.633028461181908,92,3.891803106105274
1014,270.62211999516444,281,7.105540676353652
1015,262.87588602342385,198,10.117207423337856
1016,292.05172263009405,261,13.833680279663012
1017,291.7330455341618,209,16.82453020013799
1018,20.214359809507513,94,18.16644118564874
1019,51.31956352030869,84,18.468715724535333
1020,52.308687683219546,119,19.380372963168394
1021,12.630081910830569,93,20.46031597437476
1022,236.84588204431785,470,22.896958767177228
1023,263.19707796356226,179,25.717878173608643
1024,13.345072005869028,84,25.523146300558068
1025,260.81472747332464,149,28.680380852072595
1026,275.69766192315484,271,32.188442488138094
1027,51.11332107833553,112,33.30840063982026
1028,277.12485013655225,548,37.371541212175146
1029,281.0039364798114,240,41.462011260915695
1030,264.74561351508885,492,45.25370211672491
1031,267.6808986316189,496,49.15696892271302
1032,273.7028159267944,815,49.39308074420099
1033,41.12038378491954,85,51.01431825021168
1034,272.4601146335364,398,54.73589825651055
1035,260.4544598577513,419,54.99793570273546
1036,264.2250754825154,233,59.01863894496082
1037,262.75963585686236,547,62.93385438622784
1038,268.511754300074,136,66.36891588801828
1039,279.0086915269497,184,69.90071624289365
1040,230.24789440949732,359,72.24987376805504
1041,291.35959353682915,868,75.51989634402496
1042,268.47900088743756,142,78.45903964392217
1043,296.72767724695143,175,82.0823301154635
1044,163.39714124712725,999,83.88998322010622
1045,296.84452838519553,174,87.9329278708315
1046,288.115016291965,228,92.0358131301016
1047,259.4490946624212,131,94.51776129256177
1048,268.81779604164257,276,98.00835028724501
1049,251.3601777349629,690,100.64881587277198
1050,314.23251505569135,179,104.02297667199711
1051,259.61317199546767,146,106.84702627846873
1052,291.74142037986985,203,110.55245453453783
1053,292.27584977008416,189,114.18284146323609
1054,290.18850910356525,225,117.26019639479358
1055,272.3871723343541,240,120.60226298779862
1056,279.9689261100252,214,124.2466032005756
1057,280.1804469956614,210,127.22006740959381
1058,291.6415145642151,313,129.98850975466564
1059,267.8449653096299,672,133.17962286832272
1060,294.16151390322386,176,136.7744842328211
1061,287.7708261674423,193,140.2942462143581
1062,279.5049613491245,490,143.60766123535083
1063,285.80356833268945,214,147.22747636879268
1064,268.901049956384,184,150.2668476455321
1065,286.2712053041505,379,153.63824113483778
1066,307.9382194171402,221,154.12905228746723
1067,293.57755865068884,315,157.67585512414269
1068,302.72697948012365,391,161.31955251289065
1069,263.25324106982896,156,163.88014466839095
1070,22.41042349333415,92,164.0172853662138
1071,289.48225029557346,222,167.06377035114718
1072,247.01013384479575,221,170.20517344353044
1073,252.21150721636528,169,173.34422998029683
1074,271.2246933447169,490,175.67093656755537
1075,38.67383733274741,111,176.01107738248928
1076,266.99976641926276,151,178.76286729528186
1077,251.57029642605318,305,181.35874144495014
1078,301.281647893794,166,184.61388228198592
1079,260.3223312376125,958,187.35340132851832
1080,283.6184302854211,458,187.5329507880321
1081,268.60157946388307,348,190.35376872820103
1082,238.71081357461426,784,192.83751169386514
1083,236.85859627526614,625,195.02387867380068
1084,256.8989532463762,186,197.5057196998064
1085,247.05863619991712,429,199.63934388026667
1086,-370.2605580412364,194,193.13752128764466
1087,278.90444240766476,878,195.66914139870028
1088,283.6085892860685,413,198.40036574275382
1089,257.090764753616,167,200.55279349943444
1090,287.652191338976,166,203.4859054751334
1091,268.99208285132477,688,206.50066205708677
1092,285.0623013988288,432,209.32168860558988
1093,278.86614672084914,169,211.69951517182093
1094,-315.3982345008387,109,208.07527324524276
1095,268.00647472348976,175,210.82139575217587
1096,55.691125153243604,112,211.30415285651648
1097,264.64474657974847,154,213.43175259630138
1098,262.59769454388555,594,215.92661450119445
1099,245.59627232183735,159,215.80549714659085
1100,291.16800789594095,310,215.92695511328432
1101,-210.55150568449736,94,211.0230528430732
1102,296.4500821509287,140,211.2305010712298
1103,-393.1465914447794,83,204.5007408610023
1104,250.98545584384067,271,204.31096495085256
1105,278.0898476980874,199,206.91477022131923
1106,249.42110410514323,161,209.16420966262888
1107,-352.8605829438343,88,205.5841886522625
1108,-234.7458056135824,89,203.0761429922146
1109,251.81956846791576,141,205.37310450104948
1110,-87.6861035685924,333,201.98978953609466
1111,205.47750417188945,444,203.68016878411953
1112,272.9223982569738,187,206.15313319304948
1113,121.7530007607681,999,207.15433291604535
1114,267.79038487852125,252,207.12601556487888
1115,271.41850302741835,156,207.21144173491882
1116,272.75530457460565,168,207.01847755436393
1117,304.43118888534275,155,207.14545898787574
1118,289.5715892003864,151,209.83903128178454
1119,310.30028092120756,242,212.42883845579357
1120,299.7077878296374,171,214.90282945725772
1121,288.68667614609444,149,217.66339539961035
1122,291.3824890097422,142,218.20876146926457
1123,325.06881480910124,194,218.82747883771998
1124,285.7169615421451,147,221.55119773308274
1125,287.4291204427178,159,221.81734166277664
1126,280.56086889015353,140,221.86597373244666
1127,279.8218565156559,150,224.15305908681984
1128,302.3504124457123,189,224.40531470991147
1129,269.44496185473474,144,224.2897249636607
1130,292.5439360439585,145,224.56770818894944
1131,64.52377910598068,99,222.536136993693
1132,310.515506265261,214,222.90426389707764
1133,294.43138348216934,203,225.43737389405018
1134,297.45139485676725,210,225.68728669628246
1135,246.52299516687592,191,225.5479720493737
1136,311.01500372013305,155,226.01587133174996
1137,284.225015897535,187,226.23052513215666
1138,300.0245895349379,180,226.54565348450532
1139,311.3527346603455,161,226.86909391583924
1140,291.6267295331333,166,227.4828822670756
1141,271.244485312508,180,227.28173118483235
1142,294.2725124037511,265,227.5396662999955
1143,285.5546903053737,154,227.42793643057976
1144,302.0083092651717,161,228.81404811076018
1145,287.0097323437932,174,228.71570015034615
1146,277.6020102793914,161,228.61057009022042
1147,267.62409014956324,200,228.69232004509186
1148,299.84222841329665,203,229.0025643688084
1149,269.116136720348,171,229.18012395866225
1150,286.81654931923345,157,228.90596430129764
1151,268.89127075500556,189,228.99874528889305
1152,301.52288886670874,165,229.0965599737614
1153,302.6968548961745,255,229.20077002502228
1154,280.191223990353,162,229.10079717389016
1155,204.38249559317336,950,228.4207504064784
1156,270.0391831733653,176,228.3214529771118
1157,305.8294439092608,179,228.57794294624782
1158,252.4023827050798,243,228.18555162765645
1159,263.6100361358164,176,228.1432023359183
1160,292.85485995974767,176,228.13013579648356
1161,266.82310819881775,413,227.9206586167973
1162,265.23022064195254,201,227.77791120972557
1163,261.7884266657835,196,227.5377597930565
1164,281.05010994289086,215,227.65925039292156
1165,251.8758483619331,184,227.31529682349938
1166,250.13895420461262,178,226.73730417137415
1167,289.38664227723075,170,226.69539500763952
1168,230.39221025706425,479,225.972047315409
1169,289.993521452439,275,226.23945011923504
1170,279.2432385742492,254,228.80777827004422
1171,288.07969630729445,215,228.79375273016143
1172,271.5831354427102,197,229.03948274614058
1173,245.609626049926,179,228.97346393447617
1174,314.1132591235722,179,229.40234959226473
1175,253.07621231617736,171,231.546373342099
1176,277.0955713214563,233,231.64733139112096
1177,292.6551060861577,184,232.05817948772201
1178,277.27745862985637,154,231.81813759508262
1179,269.990062498804,183,231.91481490769453
1180,304.1679691960346,231,232.12031029680068
1181,274.2383699464119,165,232.17667820162598
1182,251.7353781228594,174,232.30692384710844
1183,249.1683284288262,233,232.430021168644
1184,284.01411907165834,198,232.70117282689682
1185,258.2800906621415,591,232.81338737151907
1186,252.83278180225054,259,239.044320769954
1187,297.9334971273579,178,239.2346113171509
1188,304.22207474562504,227,239.44074617174647
1189,261.6653301287847,172,239.48649182549815
1190,255.1685407334461,209,239.1616553194428
1191,242.24354969858447,165,238.89416998791546
1192,281.53224988817635,168,238.85886947280886
1193,270.06330318026255,354,238.77084103740304
1194,269.7537109396985,178,244.6223604918084
1195,308.159242617206,246,245.0238881707456
1196,289.11535742700266,177,247.35813049348315
1197,299.3968318593048,217,247.70565134627876
1198,275.9367157516491,170,247.83904155835637
1199,255.22649660004612,170,247.9353438011385
1200,312.30183766256107,184,248.14668209880466
1201,294.6393252009599,193,253.19859040765928
1202,291.40316011944867,199,253.14812118734443
1203,296.73779430964635,215,260.0469650448887
1204,258.11042332162026,187,260.1182147196665
1205,282.45380775625813,236,260.1618543202482
1206,288.43433162563497,155,260.5519865954531
1207,273.46561662715817,154,266.815248591163
1208,277.6548259292441,164,271.9392549065913
1209,302.1472515963941,176,272.4425317378761
1210,269.91426047925313,165,276.01853537835456
1211,305.6705609327704,198,277.02046594596334
1212,263.40983941530584,150,276.92534035754665
1213,240.00021104538578,152,278.10781246039284
1214,270.0316551441256,178,278.13022516304886
1215,273.9413517850766,163,278.1554536506255
1216,259.28068040169876,800,278.02070740889644
1217,279.4427815492154,155,277.7708233355351
1218,294.0911814609342,165,277.81601925814067
1219,284.25199324299325,158,277.5555363813585
1220,293.79100110704064,162,277.49636851413254
1221,232.18295596059366,179,276.9313313122775
1222,257.6675324933172,158,276.5941817471133
1223,296.86007646317546,382,276.31209436365396
1224,267.5526776133446,169,276.130451524366
1225,291.409075770428,187,276.17025107764306
1226,241.24086093912157,259,275.7770509981327
1227,302.62758629943255,145,276.00510829597056
1228,260.2279111388898,164,275.58388328290226
1229,149.6352074238188,999,274.38578573859314
1230,282.43169681871694,173,274.2846633463407
1231,295.85399658461984,197,276.5979655211271
1232,250.921736020699,180,276.00202781868154
1233,293.06746683769524,186,275.9883886522368
1234,287.26461714708364,191,275.8865208751399
1235,302.7331470343186,195,276.4486223938144
1236,319.23319877504787,253,276.53080434436356
1237,306.0490865862014,182,276.74904505125016
1238,265.9977253298112,141,276.40877640919894
1239,308.47593846210606,207,276.3800084472165
1240,299.68073087218784,212,276.4605484606071
1241,259.6040428181311,704,276.3441440356633
1242,298.06135517621226,174,276.3820324633879
1243,277.5044957460344,170,276.30153051779445
1244,254.95418846397254,214,275.83098930978247
1245,288.60640007861286,174,275.84695598713074
1246,271.2983402809448,172,275.78391928714626
1247,258.9982562999905,168,275.69766094865054
1248,262.491932179213,247,275.3241579863097
1249,288.8842920595389,177,275.52183953970155
1250,285.74279659201835,202,275.5111020124294
1251,263.7793979583546,152,275.4599832844629
1252,291.5773315570108,245,275.3605277113659
1253,294.46134704017203,180,275.27817263280593
1254,286.4269530504942,197,275.3405299234073
1255,266.1990380505953,156,275.9586953479816
1256,277.76991693255854,178,276.03600268557346
1257,257.7741409026577,181,275.55544965550746
1258,255.2943887996704,166,275.58436971645335
1259,318.3912452770387,192,276.13218180786555
1260,246.2532641376863,232,275.666165849645
1261,250.6591989072562,162,275.5045267567293
1262,273.96914292815313,721,275.5919159795913
1263,304.0983456426783,141,276.01501516936025
1264,320.4628521828133,207,276.40914259175946
1265,305.3200861634317,197,276.94358496977446
1266,306.6822479737334,169,277.5090179074657
1267,303.8674148664073,214,277.65382563335754
1268,285.78950571113,177,278.2077985878982
1269,260.77689066275695,164,277.9156322800014
1270,260.7176909468616,187,277.73037680372744
1271,311.7399906622298,186,277.9669797472768
1272,269.4876958617899,165,277.9460253514676
1273,279.65166724612425,161,278.28644576342964
1274,304.0367483633278,178,278.1856806558272
1275,259.4021794237934,206,278.24894032690327
1276,308.7935168412362,213,278.5659197821011
1277,290.93027287335264,154,278.548671449973
1278,286.5540670291122,184,278.64143753396564
1279,272.11199366785934,162,278.6626568456561
1280,269.70530999702044,175,278.31803025366605
1281,308.4631172658164,186,278.6602777268601
1282,312.1897344226991,187,279.2648212898585
1283,287.9797266543676,148,279.6529352721139
1284,281.5603191419832,507,279.62839727281715
1285,262.5853492598249,153,279.671449858794
1286,312.0349828996489,202,280.26347186976795
1287,291.25342475451566,203,280.19667114603953
1288,312.5017860139386,177,280.2794682587226
1289,309.251221516809,231,280.7553271726029
1290,286.8959359686537,186,281.072601124955
1291,308.68989833484125,205,281.7370646113175
1292,319.75723167982346,184,282.119314429234
1293,269.03066196423805,141,282.1089880170737
1294,294.0046051436251,179,282.3514969591131
1295,290.96000870079126,194,282.17950461994894
1296,282.22667372722424,189,282.1106177829512
1297,297.5944983858019,180,282.09259444821606
1298,260.813423359662,161,281.9413615242962
1299,280.61436019316557,175,282.1952401602274
1300,290.08587889162277,168,281.97308057251803
1301,252.37472537913303,162,281.55043457429974
1302,299.3814130945483,170,281.6302171040507
1303,245.197685965866,143,281.1148160206129
1304,280.5456303167865,208,281.33916809056456
1305,290.3823911616157,178,281.4184539246181
1306,292.68315290678737,219,281.46094213742964
1307,303.26961226196494,176,281.7589820937777
1308,300.75445230247533,180,281.98997835751004
1309,312.0114662312279,179,282.08862050385835
1310,287.9951121756736,176,282.2694290208226
1311,169.5867171953344,999,280.9085905834483
1312,281.45119713802785,137,281.0890041606755
1313,290.8013914020713,177,281.59701596424236
1314,291.5262015795095,187,281.8119614285962
1315,300.56960331093995,171,282.0782439438548
1316,318.3613731121958,201,282.6690508709598
1317,307.35654468024177,173,282.94818850227006
1318,319.37244261946773,195,283.2010011138554
1319,300.473290158288,185,283.3632140830083
1320,268.80000106304726,192,283.1133040825684
1321,262.76651472852654,170,283.41913967024766
1322,277.911381940008,189,283.6215781647146
1323,270.9962703370738,150,283.36294010345364
1324,269.7168492882397,169,283.3845818202026
1325,297.6973968576714,190,283.447465031075
1326,254.58987887424527,156,283.5809552104263
1327,309.67798586712024,199,283.6514592061032
1328,277.54338851759246,148,283.8246139798901
1329,325.2998267536549,194,285.58126017318847
1330,281.5637576358893,145,285.5725807813602
1331,290.96443306774256,175,285.52368514619144
1332,258.9478703757348,164,285.6039464897418
1333,261.05910671010747,156,285.28386288846593
1334,265.8003931644007,162,285.06922064863915
1335,248.7517466492094,162,284.529406644788
1336,285.3927484753156,200,284.1910021417907
1337,296.6592293894172,224,284.0971035698229
1338,291.31155655323863,183,284.3502418820571
1339,290.48095289596364,169,284.1702920263957
1340,273.7957759153189,186,283.911442476827
1341,284.8620440652879,149,284.1640224892986
1342,284.08623734757396,186,284.02427131101217
1343,255.71101063841607,152,283.806336459936
1344,294.9835129378432,204,284.20662970467475
1345,272.79665888076573,164,284.0485322926963
1346,257.6597907840059,172,283.91214679772685
1347,281.32232322726327,172,284.1353874669996
1348,280.17819870049175,158,284.31225013221234
1349,288.36671269021065,142,284.3070743385191
1350,251.44792587571058,152,283.964125631356
1351,275.4878606962645,160,284.0812102587351
1352,310.6504730571587,194,284.2719416737366
1353,265.99523833132497,154,283.98728058664807
1354,271.8126793550209,140,283.8411378496934
1355,277.2231472141102,135,283.9513789413285
1356,299.18384816735545,191,284.1655182536765
1357,260.9927239131207,167,284.19770408378116
1358,292.2551940438009,156,284.5673121362225
1359,305.38242662689163,215,284.437223949721
1360,270.3518590240203,184,284.6782098985843
1361,289.9409458969988,186,285.0710273684818
1362,305.01275209362734,201,285.3814634601365
1363,260.3186812883197,161,284.9436668165929
1364,264.47042620306195,233,284.38374255679537
1365,304.5347969493082,195,284.37588966465415
1366,272.7369247642674,160,284.03643643255947
1367,250.46133990653195,429,283.5023756829607
1368,281.1802664065297,165,283.4562832899147
1369,289.0412986405518,473,283.7389273696927
1370,266.6454641028532,156,283.7982051012526
1371,287.88055969136906,174,283.559610791544
1372,273.15221893531015,174,283.5962560222792
1373,283.70630268329637,167,283.6368023766509
1374,277.93042283769796,514,283.3757391213946
1375,287.8752216478923,173,283.66046954363554
1376,298.2512457329042,476,283.55504683255225
1377,299.98770501454095,202,283.64562115396416
1378,258.4509078549571,155,283.3645895622226
1379,283.84017747040446,182,283.481871400248
1380,301.61600251065425,175,283.8009783253844
1381,298.5737508093639,263,283.7020846608199
1382,274.0907443863269,548,283.3210947604561
1383,301.80317575376444,217,283.4593292514501
1384,300.87034117572136,189,283.65242947178746
1385,284.0960453302782,176,283.867536432492
1386,320.5375924080695,199,283.9525625275762
1387,263.28564798163916,164,283.6728847598475
1388,284.6058181707426,142,283.3939250814155
1389,259.2876130805592,466,282.89428899705297
1390,285.87446771961686,178,282.8840743145626
1391,285.16981653620275,141,282.64887349657624
1392,280.99113753590683,295,282.2612125551371
1393,258.3555278674445,389,282.15446121416915
1394,263.8336435255503,147,281.8527515979884
1395,301.6967389718324,187,281.96011890069883
1396,261.6754642848481,179,281.75460680627504
1397,281.8101338308725,165,281.5967631607258
1398,266.2513615675384,173,281.6511425428045
1399,257.13524846512166,177,281.41635142552406
1400,288.6207260456654,192,281.40169989706453
1401,272.6972360167929,240,281.6049250034411
1402,257.5321413291043,169,281.1864322857867
1403,285.132853597111,183,281.5857839620992
1404,312.8854844465362,209,281.9091825033966
1405,314.7734694068199,230,282.1530932858487
1406,285.2257953997561,275,282.0785197107783
1407,278.10470196904373,197,281.8268706078492
1408,263.3920170368933,172,281.4532462551934
1409,290.0388151932079,178,281.2335197448132
1410,300.1965458122483,226,281.3555340811789
1411,255.23444551528112,151,282.2120113643783
1412,250.2930443754503,210,281.90042983675255
1413,311.71502265230663,200,282.1095661492549
1414,261.039039481215,180,281.80469452827197
1415,305.10782427701065,207,281.8500767379327
1416,273.03550845395637,158,281.39681809135027
1417,304.00528539064265,232,281.3633054984543
1418,278.0491802782778,177,280.95007287504234
1419,251.35794294823626,357,280.4589194029419
1420,280.57884412554677,548,280.57670783356684
1421,284.6006365694981,193,280.79504905197666
1422,243.89908073805393,466,280.45492603995706
1423,292.9243071830505,147,280.6742064084168
1424,272.07649056636285,148,280.6978028211981
1425,299.1794827237753,281,280.7126236798591
1426,232.32929267076673,634,280.4900178178243
1427,254.9655156865289,168,279.9428931160184
1428,269.84975371266523,884,279.8659567679691
1429,300.8136274946294,163,279.6210947753788
1430,308.1772476996806,325,279.8872296760168
1431,285.93195050600315,257,279.8369048503994
1432,290.6611576198457,449,280.1540377228405
1433,297.0389684001681,195,280.5138363397411
1434,274.48494300787956,162,280.60068183817583
1435,264.39624449688085,195,280.75712681665254
1436,307.77023609813875,405,280.9809016928808
1437,238.08874353866793,169,280.39519683437334
1438,311.7371951884589,186,280.59945322072554
1439,283.5689831222688,210,280.5303335229886
1440,306.53685453089525,236,280.8577443091444
1441,273.3803352464033,228,280.7429272209555
1442,230.80607884758473,397,280.2101256359556
1443,245.95593217506462,214,280.11257485132205
1444,245.046410099745,241,279.61320382294105
1445,308.3003377209527,613,279.968240611343
1446,241.0274360414226,204,279.80191706391713
1447,268.9788273205657,241,279.67848210485016
1448,275.69672846944616,277,279.63366740253974
1449,285.82286935902806,211,279.6082289692279
1450,247.86379318297938,193,279.5723876423006
1451,296.813429675846,205,279.7856433320964
1452,282.80241524094043,159,279.5071627539342
1453,238.73665409186387,308,279.23457691153965
1454,275.73299105098783,246,279.2737800284993
1455,242.65133270776792,642,278.9280618834358
1456,270.12022846805326,767,278.6374256864428
1457,249.89600894388593,264,278.52645853675045
1458,272.3669966671741,208,278.3275765629842
1459,259.7372745974784,209,277.8711250426901
1460,277.33772401018643,329,277.94098369255175
1461,216.1258153449532,342,277.20283238703126
1462,219.71708420953325,395,276.3498757081903
1463,255.11103478365496,314,276.2977992431437
1464,233.40265014151902,635,275.9871214825282
1465,266.3108607550071,228,275.6048821205852
1466,225.24961259721482,416,275.13000899891466
1467,235.15009256321105,421,274.97689652548144
1468,270.20775418654455,243,274.8671714032816
1469,228.74337029078686,362,274.26419211978396
1470,268.3189809492172,585,274.28092728824765
1471,259.83500258115583,379,274.0004717171455
1472,201.09017505208618,390,273.2798512783133
1473,287.726657303551,339,273.32005482451586
1474,291.59042754455083,218,273.45665487158436
1475,278.08008424110767,703,273.35870349751656
1476,225.87753575024624,270,272.63496639768994
1477,246.74931055996896,843,272.1025824531442
1478,260.3092753357654,484,272.12116612795234
1479,245.0562455275054,593,271.7333268085233
1480,238.2970244672777,362,271.10013702808953
1481,265.9052943385231,359,270.7734524633811
1482,255.24945182170143,319,270.5850395377349
1483,256.05716759949814,282,270.1275794561922
1484,264.86449696502143,258,269.7675210140852
1485,271.0948121605163,257,269.63750868238765
1486,260.2041996740942,350,269.0341747550479
1487,243.7503481029703,331,268.8388217562612
1488,266.8441059014351,323,268.6612046335681
1489,273.2822453354954,385,268.8011509561175
1490,224.90321362089247,323,268.1914384151302
1491,285.1860174243951,274,268.19160042401217
1492,306.0592436520941,258,268.442281485174
1493,257.3747655050079,294,268.43247386154957
1494,288.0348921245046,270,268.6744863475392
1495,265.76611702738336,381,268.31518012809465
1496,236.82526943977112,291,268.06667817964393
1497,288.3756707678861,198,268.13233354901405
1498,273.6987056375976,242,268.20680698971466
1499,246.5491439529655,723,268.1009459445931
1500,294.74826753635017,185,268.16222135949994
1501,266.8415220093724,907,268.10366421942575
1502,251.398321996162,612,268.0423260260963
1503,258.1662218631515,223,267.77265970875675
1504,274.12889552548364,164,267.38509381954617
1505,246.58571844359582,163,266.7032163099139
1506,302.31523515390364,240,266.8741107074554
1507,283.05387895151506,211,266.9236024772801
1508,274.887339668888,244,267.0385557036
1509,280.0572700956449,286,266.9387402526244
1510,270.09740918904384,215,266.6377488863924
1511,309.15132508193926,440,267.17691768205896
1512,258.7026128770149,199,267.2610133670746
1513,210.1570862826063,323,266.2454340033776
1514,265.8790093069438,338,266.2938337016349
1515,260.9532105403162,182,265.85228756426795
1516,274.6812627793598,383,265.868745107522
1517,235.6829275831876,191,265.18552152944744
1518,256.1003950943404,188,264.9660336776081
1519,268.5796338199848,387,265.13825058632557
1520,-128.4556639018707,168,261.0479055060514
1521,275.66163950607813,448,260.95851553541723
1522,278.56752931272877,186,261.30520002116396
1523,276.8017657575634,499,261.143974606909
1524,279.199586584057,415,261.215205567086
1525,277.6588056897537,180,260.9999987967458
1526,256.0058996032767,357,261.23676486607087
1527,276.6495320260107,324,261.45360502946573
1528,277.99354897932955,341,261.5350429821323
1529,253.0642371326476,262,261.05754907851247
1530,280.7617355346326,394,260.783393956862
1531,292.10293115983274,347,260.8451037634003
1532,258.65706023324935,268,260.5250627895344
1533,265.7292178421743,184,260.21196528395444
1534,247.88559953044862,198,259.94597184918007
1535,242.8647427145142,304,259.73065683135644
1536,259.25111779040276,493,259.24546564827904
1537,-11.199833987966537,999,256.75257987301273
1538,-49.41753162910029,999,253.14103260483716
1539,76.54551224221913,999,251.07079789603665
1540,265.26663379107225,303,250.6580956886384
1541,267.1401576281482,313,250.59569391245589
1542,279.72857290247464,480,251.08491885300478
1543,248.6181321336815,319,251.11154085259096
1544,315.1916279452014,241,251.81299303104552
1545,248.55306589751018,313,251.21552031281107
1546,24.3114197992722,999,249.0483601503896
1547,306.40993781050656,227,249.42267125528898
1548,278.89349170921673,293,249.4546388876867
1549,279.59794791005635,243,249.392389673197
1550,267.9680978065958,212,249.59343271943314
1551,269.36411469103547,210,249.318939569585
1552,254.44901281493725,246,249.035405545325
1553,289.8347428959255,282,249.54638643336563
1554,302.81479434027347,249,249.8172044662585
1555,261.884173305378,231,250.0095328722346
1556,295.6187056882634,227,250.26451764443667
1557,283.99748784422854,205,250.6055324334401
1558,279.3347136320658,242,250.67520960308903
1559,278.87984165695286,231,250.86663527368378
1560,265.4349971478146,230,250.7476080050601
1561,292.5712205259932,269,251.51206205687046
1562,308.7255745556365,205,252.4021469603315
1563,302.27679529025545,206,252.87380456539748
1564,269.80292805949966,229,253.2378073445773
1565,25.995262587927755,179,250.83465136290653
1566,311.91443970483715,190,251.70129963398276
1567,301.47897314869465,238,252.36458843983758
1568,249.44288442641195,219,252.15693974223623
1569,297.1933210531124,459,252.84143924985955
1570,272.023813322132,180,252.87848757358867
1571,284.7407557097255,191,253.12754510487437
1572,256.1102135701029,189,253.67774549005458
1573,269.3088141042507,216,253.4935670580615
1574,256.68847587311274,212,253.14454754134715
1575,260.1843157305823,176,252.9655898562419
1576,255.89406942653102,230,253.26575519300474
1577,301.03941685539803,155,253.808656255959
1578,285.9147631536755,251,254.06471113413812
1579,261.90972060748754,153,254.23324588493793
1580,287.1648629665969,154,254.72192426993115
1581,236.0221103045933,166,254.42309242959186
1582,299.25226492705167,221,254.86312056064537
1583,270.95097613090877,151,255.01205864595943
1584,302.4854476572068,261,255.38826815288132
1585,270.2417835853504,149,255.37973786712965
1586,278.41782580577814,234,255.5618741284465
1587,255.58350683140367,157,255.68020571573084
1588,288.4650339193071,154,255.89641499590954
1589,263.61569580224364,161,255.79974950057698
1590,255.44585748952295,172,256.1051759392633
1591,296.65636606618966,223,256.2198794256812
1592,251.17457335050602,149,255.67103272266536
1593,287.0073459630137,150,255.9673585272454
1594,259.1397948341314,560,255.67840755434173
1595,55.44903299986814,134,253.57523671406656
1596,244.47393682908498,210,253.65172338795975
1597,255.22257488207075,164,253.32019242910158
1598,289.69892851910777,158,253.48019465791668
1599,304.566579344518,208,254.06036901183222
1600,297.7502021948055,160,254.09038835841676
1601,270.34727983786894,148,254.12544593670168
1602,243.99536644383556,216,254.05141638117843
1603,296.3481715797209,184,254.4332358783441
1604,251.12676253135388,159,254.2032145484028
1605,302.9816735155903,204,254.76717409912274
1606,279.16805068239205,195,254.5357022544076
1607,256.93947245465023,146,254.27455818943898
1608,271.78801903200343,155,254.24356498307014
1609,65.61256199462198,149,252.09911790205987
1610,274.193701841872,534,252.14008082858822
1611,264.6446447647339,151,251.69501402541613
1612,284.37633147171624,533,251.9517512113632
1613,284.49692317566337,192,252.69514958029373
1614,269.26050269485853,468,252.72896451417287
1615,281.158314100399,149,252.9310155497737
1616,266.07099001020117,187,252.8449128220821
1617,271.353125957516,668,253.20161480582541
1618,61.050583091012726,999,251.2511166857921
1619,277.2350986553805,156,251.33767133414608
1620,-9.909775969173793,154,252.52313021347305
1621,266.1233869810869,245,252.4277476882231
1622,299.23651091104546,221,252.63443750420632
1623,275.59471394207355,159,252.62236698605142
1624,283.6840530771383,162,252.6672116509822
1625,259.5517152695177,175,252.48614074677985
1626,289.56173926142094,516,252.82169914336134
1627,283.5964024174661,184,252.89116784727582
1628,287.6636947980571,164,252.98786930546314
1629,293.8575196257887,191,253.39580213039454
1630,255.39178220578845,270,253.1421025971061
1631,273.0944973198659,143,252.95201825870646
1632,294.5957211023175,389,253.3114048673971
1633,284.12496413429346,222,253.49536233031836
1634,298.1885124511955,176,253.9983914595258
1635,279.1402708366111,163,254.36114674074673
1636,285.6133260909603,181,254.6247688237523
1637,257.92607227643657,173,257.3160278863964
1638,265.5667895685522,366,260.4658710983729
1639,292.5040907440135,960,262.6254568833908
1640,23.723018669521778,168,260.21002073217534
1641,263.2309074336191,475,260.17092823023006
1642,260.2439467634961,173,259.9760819688403
1643,280.3710463361034,155,260.2936111108645
1644,276.98404341811647,159,259.9115352655936
1645,281.27943830066,180,260.23879898962514
1646,269.37504587353374,160,262.6894352503677
1647,312.7346213682192,197,262.75268208594485
1648,278.89476062943015,185,262.752694775147
1649,269.95762279657595,168,262.6562915240122
1650,250.87130921520003,563,262.4853236380983
1651,287.945474997991,187,262.6711372411678
1652,259.58353558361244,166,262.7224824688546
1653,271.39527856582754,180,262.53808782555353
1654,308.4695041510802,233,262.59463492366166
1655,267.36012187052074,352,262.649394409313
1656,266.7835597588348,149,262.36104295001877
1657,277.269494945115,208,262.2937630210276
1658,259.9473052156486,156,262.0998889368635
1659,292.478197612842,153,262.23587249642236
1660,263.2817382346399,178,262.21433990729065
1661,291.46543055864095,181,262.2032820076171
1662,284.1474672722163,634,261.9575009347829
1663,262.36718493215574,168,261.5584048312019
1664,246.79379542412786,498,261.3283135048482
1665,284.26517582016663,185,263.9110126371706
1666,235.53173360665653,706,263.1471855761888
1667,287.65888693693984,181,263.0089847140713
1668,252.6095083257918,149,263.04065095306504
1669,276.712539765707,244,262.835843140191
1670,285.2211058669054,164,262.9678160656387
1671,274.0148613690631,723,262.8605571222321
1672,290.67093061126695,246,263.20616429264373
1673,257.26771776674946,545,263.0857533292687
1674,246.35465267592076,463,262.9824150972968
1675,258.1675305947588,172,262.9622472459385
1676,270.78041391425745,218,263.1111106908158
1677,269.3786618264694,310,262.7945031405265
1678,66.29831996167076,999,260.59833870860643
1679,269.4564291862393,254,260.673805794394
1680,245.2480339535875,190,260.25463750426394
1681,273.45109055255335,274,260.62892730674355
1682,266.7678880757968,209,260.30408353823094
1683,267.1979305740289,288,260.2665530826621
1684,225.32181985876775,220,259.4949168046777
1685,264.9125456800283,378,259.4416244256245
1686,277.13454017130357,271,259.4287915692797
1687,266.47902915110683,306,259.5377467924768
1688,257.8047430778008,334,259.23114388406174
1689,267.2260184015702,485,259.267247110055
1690,264.39834617912885,188,259.356771996951
1691,242.77968559656097,307,258.81800519225476
1692,248.974737077484,372,258.7960068295246
1693,278.8378071811185,313,258.71431144170566
1694,290.58275189941264,347,259.02874101235847
1695,45.212097186074516,152,258.92637165422053
1696,267.5223234747428,447,259.156855520677
1697,292.1582444920617,199,259.52621221677697
1698,258.0940109318974,416,259.21016304090483
1699,248.93110016950257,396,258.6538082491547
1700,229.5730888390398,490,257.972037115597
1701,258.8555805734823,759,257.8571201229532
1702,289.8281402929613,242,258.31544786144445
1703,70.54663582282222,141,256.0574325038755
1704,44.97139042170866,135,253.99587878277904
1705,300.9426749798119,295,253.97548879742124
1706,229.4855199332778,601,253.4786634899301
1707,71.14228898004816,140,251.62069165518406
1708,58.84529911530268,83,249.49126445601706
1709,254.5151878558499,163,251.38029071462933
1710,287.0580994788799,180,251.5089346909994
1711,284.0206682506864,283,251.70269492585894
1712,57.35056045988071,136,249.43243721574058
1713,46.031552054930785,138,247.04778350453324
1714,282.84859831640506,202,247.18366446074873
1715,301.5245101788936,160,247.38732642153366
1716,42.6297291310033,129,245.15291381274167
1717,281.52396132640274,287,245.25462216643055
1718,258.6834845113955,395,247.2309511806344
1719,296.2638920275768,246,247.42123911435638
1720,73.0025697902926,108,248.25036257195106
1721,267.4931905557827,200,248.26406060769799
1722,274.4883167707126,403,248.01657866629466
1723,73.04324801761766,146,245.99106400705008
1724,286.3939787188996,351,246.01816326346773
1725,280.6198382468687,441,246.22884449324118
1726,252.00844975904172,154,245.85331159821743
1727,230.9209455526429,545,245.32655702956924
1728,41.98204722150123,140,242.86974055380364
1729,280.92297362086174,166,242.7403950937544
1730,132.89895589924956,999,241.515466830689
1731,35.20429793636271,116,239.13656483685395
1732,262.9706108970354,187,238.82031373480112
1733,257.1482384349342,254,238.5505464778075
1734,294.7973213359405,291,238.51663456665494
1735,279.74958456152353,185,238.52272770390405
1736,285.08517453175756,368,238.51744618831205
1737,37.93552465536507,96,236.31754071210133
1738,29.01122383167754,70,233.95198505473255
1739,301.025525927363,276,234.03719940656606
1740,264.9906707831568,294,236.4498759277024
1741,276.5593889517461,196,236.58316074288373
1742,292.8504569700651,180,236.9092258449494
1743,64.93907532303001,80,234.7549061348187
1744,66.34011407563816,114,232.64846684139388
1745,274.53380435925317,493,232.5810105019798
1746,76.00717330637738,149,230.64733177630825
1747,280.55850744389505,154,230.32557063706506
1748,287.40792970864413,195,230.41070232785717
1749,312.46259073201577,174,230.83575200721157
1750,68.12602439541232,76,229.0082991590137
1751,62.54750016423415,150,226.75431941067606
1752,259.0989737374688,148,226.74947379221467
1753,275.1883188973801,281,226.78740419553023
1754,271.2168316487439,210,226.41487747050684
1755,276.9426625266533,453,226.51070287706818
1756,285.7970603195621,161,226.70083788267544
1757,34.665240038778904,102,224.2747953336121
1758,286.73757337632185,220,224.5426980152188
1759,70.67523291703529,90,222.32466836826072
1760,60.852033656659756,115,220.30037132248094
1761,274.9705589274327,172,220.13542260616887
1762,82.33489940570985,129,218.11729692750382
1763,293.2424925923013,240,218.42605000410526
1764,272.6015785410714,166,218.6841278352747
1765,67.16507679819793,126,216.513126845055
1766,262.34264456068604,213,216.78123595459533
1767,56.502319299757346,122,214.4696702782235
1768,279.69539025604206,261,214.740529097526
1769,302.78099889861534,202,215.0012136888551
1770,291.435140414029,147,215.0633540343263
1771,259.2304546033347,269,214.91550996666902
1772,265.97507167732795,160,214.66855137732963
1773,253.18726881103723,230,214.62774688777253
1774,261.0657313217963,170,214.77485767423124
1775,267.5178989222494,223,214.86836135750616
1776,252.1450533489621,240,214.68200775185323
1777,17.55731638801295,68,212.16379429746866
1778,278.7471244071753,223,214.2882823419237
1779,261.7016927114033,134,214.21073497717532
1780,265.6293243548989,628,214.41454788118847
1781,257.61775141843043,203,214.2562144898472
1782,238.82196479168348,189,213.9767552570061
1783,295.8308357966795,202,214.26308430923262
1784,286.40233887461625,152,214.87388949939108
1785,274.45193014246036,350,214.9692833440154
1786,282.69775955022817,282,215.02491553780462
1787,253.6751265749529,157,214.8968765120431
1788,285.2260678624373,236,215.17108975988944
1789,270.3521072435675,170,215.20235064830945
1790,293.9850299552215,295,215.49821748607036
1791,293.39577017423585,175,216.0043783318471
1792,291.6378579553459,208,216.43100954062575
1793,255.6611607239938,451,216.19924307605447
1794,301.12305197945415,217,216.3046460768549
1795,254.52727365809642,150,218.39779784157508
1796,263.4500679936633,157,218.35707528676434
1797,272.0640806459679,167,218.1561336483034
1798,304.05184935755875,271,218.61571203255997
1799,263.99711487401567,175,218.7663721796051
1800,288.8050256303568,140,219.35869154751828
1801,213.06915233450536,403,218.90082726512853
1802,149.87574388316457,999,217.50130330103053
1803,274.0343601246869,207,219.53618054404916
1804,257.9913552299463,970,221.66638019213156
1805,267.30437729507895,195,221.32999721528424
1806,153.05318565999684,999,220.56567387255143
1807,263.6677188109886,217,222.49092817086085
1808,262.30477042321525,153,224.52552288394
1809,140.58935796200763,999,223.38626458500153
1810,253.21835357355613,532,223.04786712594833
1811,252.5665536130147,530,222.73332597957156
1812,271.3005784849189,165,224.87282615982195
1813,265.19165138656274,173,227.06442715313833
1814,265.3393769326495,186,226.8893349393007
1815,274.49031498168995,148,226.6189929873287
1816,275.29457778253015,174,228.94564147384392
1817,274.08756423718694,170,228.8712775029518
1818,260.5234112045956,391,228.88967676988378
1819,274.7143071381066,151,228.6741809209891
1820,279.50465904426005,339,230.73920181352878
1821,292.0663680498121,667,230.98493358846906
1822,294.2565427273215,184,231.18261584803517
1823,227.89367082597,863,232.7311200761187
1824,295.5818790846554,131,232.82299907977628
1825,260.8629065794304,504,232.6254297631019
1826,271.4585424763774,601,232.81993069027524
1827,254.2349969219824,197,233.05307120396864
1828,268.0456092782879,172,235.3137068245365
1829,284.3533708127127,198,235.34801079645504
1830,255.83202286109747,166,236.57734146607348
1831,290.1929371456241,138,239.12722785816607
1832,27.485784809134444,202,236.7723795972871
1833,293.8483930298763,165,237.1393811432365
1834,290.0347184285461,605,237.0917551141625
1835,287.7558737291753,200,237.17181800583904
1836,262.59524516748127,451,236.94691871219632
1837,268.11996425310235,166,239.2487631081737
1838,-310.7335072222061,188,235.85131579763484
1839,286.5575084565662,160,235.7066356229269
1840,265.85773244828516,175,235.71530623957815
1841,300.00494177158544,220,235.94976176777655
1842,294.73571432511983,207,235.96861434132708
1843,280.4142000078713,151,238.12336558817555
1844,298.58180290837123,189,240.4457824765028
1845,281.85684222540846,198,240.51901285516445
1846,266.1718520955021,165,242.42065964305567
1847,131.34801718315433,999,240.92855474044828
1848,312.9381884960102,180,241.1838573283219
1849,291.57279535842827,153,240.97495937458604
1850,262.5790946305559,170,242.91949007693745
1851,279.99916035654473,176,245.09400667886052
1852,264.50910513484996,156,245.14810799283433
1853,269.35994324716137,178,245.08982423633216
1854,-26.252306980929262,171,242.1151328500354
1855,258.64459449501396,234,241.93215216971905
1856,285.3044608887651,204,241.92722617541108
1857,308.28884847214016,201,244.6634622597447
1858,288.70407338640837,194,244.68312725984558
1859,286.1697093253438,170,246.83807202392865
1860,298.64528856978575,144,249.21600457305993
1861,266.6649463601833,242,249.13294844738743
1862,292.88414445691785,149,251.23844089789952
1863,279.6214656708113,179,251.1022306286846
1864,250.73354767162726,166,250.88355031999018
1865,270.5766971484429,745,252.91766652349267
1866,274.7724426514808,350,253.0419645044006
1867,278.5830927672289,223,255.2627722390753
1868,268.9502565181799,190,255.15532090169665
1869,253.8824916578132,174,254.6663358292886
1870,-361.30138220317,134,248.1389706031166
1871,264.8972915154659,153,248.19563897223793
1872,252.3887903111024,309,248.0597761585757
1873,62.887340448881076,112,246.15677687495412
1874,310.85268992604597,160,246.65464646099662
1875,243.00364231191395,161,246.40950389489328
1876,-21.257673604211192,159,243.67547662536154
1877,-13.034175275679743,152,243.3695617087246
1878,259.8071487615173,151,243.18016195226807
1879,305.8760069609526,169,243.62190509476352
1880,293.45835794343543,186,243.9001954306489
1881,304.5002604082731,173,244.3690205205473
1882,284.2746590877341,164,244.82354746350785
1883,303.8311736398323,196,244.90355084193936
1884,256.60344321649075,150,244.60556188535807
1885,246.5422289455533,157,244.32646487338909
1886,265.6121016540677,188,244.15560829442745
1887,261.0927915457746,168,244.22978494413567
1888,285.58148432213403,267,244.23333910873262
1889,265.8401134243851,168,244.18821917054083
1890,293.15849408161887,349,244.1799538118048
1891,295.678148785245,195,244.20277759791486
1892,274.7321354504811,163,244.03372037286624
1893,288.08425362172034,173,244.35795130184349
1894,270.26325434512313,257,244.0493533255002
1895,252.88608468161362,495,244.03294143573532
1896,249.5943829678709,154,243.8943845854774
1897,308.2585379452503,153,244.25632915847027
1898,283.9044579253655,176,244.0548552441483
1899,-107.91204098204156,204,240.33576368558772
1900,-297.7395643480369,139,234.4703177858038
1901,286.14881114485524,181,235.2011143739073
1902,280.30882761393224,149,236.50544521121498
1903,257.0667577357417,333,236.3357691873255
1904,240.87041410279767,157,236.16455977605403
1905,264.6820482233614,177,236.13833648533685
1906,268.4334179620565,170,237.29213880835744
1907,-91.57015947860042,159,233.73976002546155
1908,293.7614710489165,145,234.05432703171857
1909,241.51957566560293,159,235.06362920875455
1910,278.4260655893188,135,235.31570632891217
1911,-291.7760221570022,165,229.872280571212
1912,314.02948586750676,148,230.29956964503788
1913,264.71328498249596,156,230.29478598099718
1914,-248.83288552866884,112,225.15306335638405
1915,-216.72866255965616,143,220.24087358097054
1916,280.22171180218055,178,220.29014492116704
1917,289.98883600979104,179,220.4491576388931
1918,-179.75263715226572,104,216.04639715532446
1919,285.81778397095366,147,216.15743192365295
1920,-203.2230254827772,135,211.3301550783826
1921,67.85080345041098,102,209.08799943238856
1922,266.0861908425034,157,208.80629591354037
1923,288.6668972287531,783,209.41402817756818
1924,34.962252669973566,121,206.80783191342144
1925,21.357134915044085,112,204.41277419677758
1926,-99.0197456100622,156,200.70799131591318
1927,-179.97261263686318,142,196.36591522032472
1928,-93.5670801181582,193,192.74978832636026
1929,274.7103882396301,151,192.65335850062945
1930,282.90081711815384,330,192.92404644319996
1931,275.4640821355024,153,192.77675789309876
1932,-82.155304656895,282,191.68034699843844
1933,-92.15196057409945,166,187.8203434623987
1934,253.1985622521433,153,187.45198190063468
1935,293.2271438695913,176,187.50669460203883
1936,261.5214355763053,189,187.49595650612707
1937,187.44223873880216,764,186.68917925098404
1938,30.789903493986117,113,190.10441335814596
1939,28.288467601034085,111,187.52172294959067
1940,269.868523348159,183,187.56183085858942
1941,274.92915235817503,158,187.31107296445532
1942,274.8962612257744,580,187.11267843346184
1943,268.4641752961516,162,186.99317818634466
1944,309.26095012196697,162,187.09996965848057
1945,273.88895043113894,162,187.0202907405379
1946,210.9381999612599,493,186.46795421919546
1947,286.73879144863594,173,188.0218619618503
1948,261.52369194316884,261,187.50771699632188
1949,264.975936994331,722,187.2417484126809
1950,38.72743170421961,93,185.0032317834176
1951,39.97996608193404,119,182.60303984067147
1952,166.47888559744487,999,181.62273764529743
1953,294.35430644070595,178,181.87268127723283
1954,231.80702170420483,449,184.45327456408415
1955,247.8691347727553,141,184.3455199668616
1956,57.18518118389946,100,182.06432716981294
1957,215.63628069897675,966,181.1378014920813
1958,258.2511736455564,850,180.83327249467283
1959,41.415947228064454,76,178.38573487370002
1960,10.459408059671404,101,175.5038760685989
1961,254.42139152987332,178,175.3814405202958
1962,269.9603352156693,153,175.1522024278833
1963,298.2714508032219,223,175.33870227920744
1964,259.20304490714415,586,175.42339725156256
1965,137.4949561280786,596,174.09257984135888
1966,239.71179330118335,453,173.7419733478559
1967,20.118864208717525,72,171.1573310622708
1968,-1.2311148555234013,88,168.45551734853376
1969,158.49831796296604,925,167.5016756115853
1970,283.9974905754021,476,173.95466433937105
1971,292.43484160294724,320,174.2300398402458
1972,39.52301418535498,82,172.1013820789883
1973,111.17554397943402,954,172.58426411429383
1974,-8.779899552109583,84,169.38793821951228
1975,52.50960226275583,999,167.4829978190207
1976,259.34714231957935,124,170.28904597825866
1977,-29.64934196671888,999,170.12289431134823
1978,28.65735749327058,67,167.81139639866578
1979,-30.818405159058727,78,164.44445227746567
1980,-15.695982634255259,67,161.35290887168878
1981,-33.89793175153301,63,157.96892695009072
1982,188.83144498978916,651,157.01449480911128
1983,-69.79179112189766,999,153.27826516149398
1984,-21.227850754494284,108,150.49995222178413
1985,253.70479402115677,251,150.57157787254016
1986,257.4251597211477,248,150.48970845321094
1987,247.08828621654374,286,150.34966339991863
1988,-15.508792585811477,85,147.33876063083918
1989,38.35046645938516,103,145.0638641611892
1990,144.14029610628626,999,143.57368218143588
1991,-6.166284760256389,67,140.55523784598086
1992,-63.428280094842506,999,137.17363369052762
1993,-24.584225165912088,64,134.04694890265128
1994,91.56834602582452,999,132.2599998194583
1995,269.7276700211071,785,132.42841567285325
1996,-7.322725201461552,73,129.85924459115992
1997,26.17114044928651,120,127.0383706162003
1998,240.19785031651068,423,126.60130454011174
1999,4.447368620690611,99,127.72489863613907
