,ep_reward,avg_reward,steps
0,-55.85930147463634,-55.85930147463634,73
1,-1343.2756336722396,-699.567467573438,346
2,-654.3403995131038,-684.4917782199932,79
3,-583.0020073086591,-659.1193354921597,66
4,-1276.2936755863095,-782.5542035109896,109
5,-349.0780912732251,-710.3081848046955,93
6,-1562.2936882940521,-832.0203995888894,123
7,-1478.2938011807041,-912.8045747878662,115
8,-874.9066351794307,-908.5936926091512,78
9,-757.8289226994918,-893.5172156181852,66
10,-1205.261292331528,-921.8575862284891,94
11,-1224.7082430475236,-947.0951409634087,96
12,-1037.8751290501273,-954.0782169700794,86
13,-499.58831465792366,-921.6146525192111,72
14,-815.7381585083241,-914.556219585152,73
15,-733.158159278422,-903.2188408159814,63
16,-810.9036527350949,-897.7885356347527,72
17,-856.380697879761,-895.4881002039198,74
18,-1031.1431364802665,-902.6278389553064,84
19,-747.9839304678263,-894.8956435309325,82
20,-634.5232997587335,-882.496960494161,66
21,-927.8413882623836,-884.5580708472621,77
22,-1292.7593761650076,-902.305953687164,252
23,-696.8689469706087,-893.7460784073077,68
24,-883.0825569164979,-893.3195375476753,91
25,-1475.3214569931786,-915.7042267571177,111
26,-1038.2815492341308,-920.2441275895997,87
27,-684.2736365246668,-911.8166100515664,70
28,-660.0965161933627,-903.1366068150767,78
29,-591.7231366818181,-892.7561578106347,64
30,-1115.8781893871733,-899.9536427002006,107
31,-788.0329805853879,-896.4561220091125,68
32,-1576.5684729123984,-917.0655871879999,121
33,-987.1498886487108,-919.1268901721385,80
34,-1094.2714707701089,-924.1310210463662,87
35,-695.1316103541906,-917.7699263049168,64
36,-742.3243271262688,-913.0281533541425,80
37,-1035.9304517117648,-916.2624243635537,92
38,-1390.788234123111,-928.4297528189269,100
39,-1553.0037187446476,-944.04410196707,111
40,-860.5777036828562,-942.0083361552599,75
41,-250.62964035099674,-925.5469386361108,142
42,-325.0489895602791,-911.581870052952,219
43,-110.83145853837095,-893.3829970639842,157
44,-244.38265517682763,-878.9607672442696,142
45,-234.45106200690884,-864.9496866956315,123
46,-55.35231989729465,-847.7242108063052,152
47,-228.03801100889245,-834.814081643859,152
48,-128.538253486477,-820.4002892324838,131
49,-65.0106213688554,-805.2924958752113,125
50,-60.420930421989205,-790.6871710624031,153
51,-159.81429032721357,-778.5550002790341,77
52,-318.4332955667076,-769.8734586806883,120
53,-65.48686496718835,-756.8292625008087,151
54,-324.863155148728,-748.9753332762255,164
55,-33.47209982705351,-736.1984898217758,112
56,-34.933735318624855,-723.8955993918959,129
57,-508.89026793651675,-720.1886109185274,127
58,-431.70973639523055,-715.2991384689799,235
59,-567.2415945198844,-712.8315127364949,109
60,-551.3715758413821,-710.1846285250996,229
61,-1176.2809824556734,-717.7023116530121,186
62,-310.2965199286858,-711.2355530542133,97
63,-924.6717993166379,-714.5704944020637,191
64,-731.2849415760876,-714.8276397432024,206
65,-1819.8289847866822,-731.5700843650734,169
66,-821.6988304058343,-732.9152895298608,174
67,-427.76135330071673,-728.4277316441381,130
68,-1232.9833743013007,-735.7401322623579,198
69,-608.429164752501,-733.9214041550742,132
70,-617.7209389006382,-732.284777883885,150
71,-514.942707671501,-729.2661380198241,162
72,-499.86567981259816,-726.1236659895881,155
73,-676.9799070543268,-725.4595611391115,158
74,-370.81942306228603,-720.7310259647538,246
75,-317.67116761791783,-715.4276067759797,101
76,-563.3534875487326,-713.4526182145869,170
77,-363.37294979274003,-708.9644173373837,142
78,-319.99194286983686,-704.0407151289337,85
79,-690.191241539168,-703.8675967090618,112
80,-328.15528875666524,-699.2291731540939,106
81,-437.34948669350257,-696.0355184411599,225
82,-438.72398097228114,-692.9353794355106,141
83,-149.3045476509955,-686.4635838190284,122
84,-480.11059964285846,-684.0359016522499,108
85,-268.3893572233614,-679.2028022984257,82
86,-399.5994481186907,-675.9889706411874,132
87,-285.6872155995801,-671.5537234248054,102
88,-507.4504352127202,-669.7098662538831,141
89,-304.80043445800675,-665.6553170117066,194
90,-340.06762799073124,-662.0774303191685,359
91,-616.3613872733171,-661.5805168078006,169
92,-278.33621024431,-657.4596102856125,178
93,-289.7676910027785,-653.5479941230292,106
94,-531.230663284093,-652.260443272093,106
95,-256.6306428688908,-648.1392995178929,274
96,-479.3968523601913,-646.399686660597,195
97,-293.61129397503146,-642.7998051025811,95
98,-466.12462231671964,-641.0152072966632,212
99,-421.6094340307228,-638.8211495640039,147
100,-490.30488026451775,-643.1656053519027,260
101,-426.04765730056334,-633.9933255881859,121
102,-242.48082799172403,-629.8747298729722,264
103,-314.17416457456085,-627.1864514456313,127
104,-575.2145650004801,-620.175660339773,217
105,-551.0676049412617,-622.1955554764533,113
106,-558.2632383443446,-612.1552509769563,307
107,-412.95717362910295,-601.5018847014402,379
108,-447.26105921296977,-597.2254289417756,89
109,-411.96003117962005,-593.7667400265768,140
110,-489.20080686514746,-586.606135171913,170
111,-605.8400228372348,-580.4174529698101,229
112,-622.3752969371399,-576.2624546486802,288
113,-514.7592117230527,-576.4141636193315,349
114,-653.2067328799916,-574.7888493630483,442
115,-381.7939842625397,-571.2752076128894,116
116,-334.24698428380157,-566.5086409283765,149
117,-419.6348954070799,-562.1411829036497,124
118,-421.62935753456475,-556.0460451141927,117
119,-686.1577758637821,-555.4277835681522,523
120,-373.89762784788013,-552.8215268490436,84
121,-314.8431650602371,-546.6915446170221,316
122,-669.4864899862051,-540.4588157552341,333
123,-284.48259513279345,-536.334952236856,270
124,-342.8825576868371,-530.9329522445594,478
125,-303.25560503322924,-519.2122937249601,388
126,-264.97150657505586,-511.4791932983692,338
127,-208.47644991710274,-506.72122143229353,130
128,-453.85033744943416,-504.6587596448542,328
129,-219.29142304437153,-500.9344425084798,250
130,-321.22168207042347,-492.98787743531227,305
131,-221.9605124417642,-487.3271527538761,300
132,-285.63789993436245,-474.41784702409575,281
133,-287.4786226075439,-467.42113436368413,245
134,-148.9048071720588,-457.96746772770354,266
135,-177.06794784051067,-452.7868311025668,262
136,-278.8707109657166,-448.15229494096116,207
137,-241.25952477024794,-440.2055856715461,364
138,-326.7933928702397,-429.5656372590173,134
139,-203.76128604494454,-416.0732129320204,543
140,-350.8894530141251,-410.976330425333,667
141,-216.9048489677197,-410.63908251150025,359
142,-271.983006515037,-410.10842268104784,267
143,-317.6748910932715,-412.17685700659683,725
144,-95.53022954281452,-410.6883327502567,233
145,-302.5553479618437,-411.369375609806,478
146,-86.62775358579563,-411.68212994669096,180
147,-162.31837307819228,-411.0249335673839,74
148,-183.78390041256262,-411.5773900366449,98
149,-10.64324714926002,-411.0337162944489,154
150,-53.65434503849427,-410.9660504406139,83
151,-214.42995413768926,-411.5122070787187,126
152,-28.363221066189638,-408.6115063337136,128
153,-78.98734605797496,-408.7465111446214,104
154,-90.27825088343627,-406.40066210196846,105
155,-22.87922470068274,-406.29473335070475,152
156,-88.59054582113092,-406.83130145572983,118
157,48.22671918212444,-401.2601315845434,173
158,5.203351930951172,-396.89100070128165,136
159,-41.22710358550885,-391.6308557919378,87
160,9.087019308649133,-386.0262698404376,198
161,-6.042470189497266,-374.32388471777574,165
162,-47.34237059828213,-371.69434322447165,164
163,-47.407319170562154,-362.92169842301087,146
164,-18.18639059773075,-355.7907129132274,123
165,-13.230051486936262,-337.7247235802299,101
166,31.51813487206337,-329.19255392745094,139
167,-123.84591727362708,-326.1533995671801,458
168,-202.1781944790005,-315.84534776895714,427
169,9.860284238627045,-309.66245327904585,148
170,-34.364083956484414,-303.8288847296042,999
171,-163.01984033589022,-300.3096560562482,221
172,-127.36618708774843,-296.58466112899964,218
173,-53.7407605065054,-290.35226966352144,421
174,-92.44756017925508,-287.56855103469115,186
175,-116.19021018972265,-285.5537414604091,475
176,-123.88372587298011,-281.15904384365166,168
177,-127.69165763868797,-278.8022309221111,470
178,-169.3068361609009,-277.29537985502174,999
179,-99.95876102893203,-271.39305504991944,127
180,-60.54130490906974,-268.71691521144345,479
181,-353.121301872543,-267.8746333632339,587
182,-169.2739361522893,-265.180132915034,245
183,-54.736261445630426,-264.2344500529803,999
184,-274.0437295806705,-262.17378135235845,765
185,-124.53319300307666,-260.7352197101556,168
186,-133.48275434599532,-258.07405277242856,696
187,-122.07253402241044,-256.4379059566569,926
188,-95.79421517700727,-252.3213437562998,864
189,-201.68128301828236,-251.29015224190255,999
190,-91.0310900450937,-248.79978686244615,999
191,-189.9955098680184,-244.53612808839316,128
192,-80.00967127425332,-242.5528626986926,999
193,-207.48203885178492,-241.73000617718264,124
194,-213.9399233431854,-238.55709877777358,145
195,-217.50951753619458,-238.16588752444662,99
196,-161.24514068134567,-234.98437040765816,999
197,-241.35505071092206,-234.46180797501708,501
198,-169.8127338412345,-231.49868909026225,127
199,-96.12149238371194,-228.2438096737921,264
200,-247.0347082009959,-225.8111079531569,697
201,-220.57194253368874,-223.75635080548818,234
202,-225.36193524882646,-223.58516187805924,444
203,-114.38447979538772,-221.58726503026753,154
204,-106.0164704980339,-216.89528408524305,999
205,-127.52871475179964,-212.65989518334843,474
206,-196.2087725554238,-209.03935052545916,339
207,-190.8565072744693,-206.81834386191284,359
208,-149.11001501046596,-203.83683341988777,183
209,-189.79392900075828,-201.61517239809916,313
210,-141.0842709588018,-198.13400703903574,192
211,-152.77655769141722,-193.60337238757754,417
212,-115.45005981749097,-188.53412001638108,308
213,-163.68493886273114,-185.02337728777786,179
214,-172.7997677211181,-180.21930763618911,307
215,-100.51506884596374,-177.40651848202336,218
216,-174.9124555051258,-175.81317319423658,242
217,-128.1041586120664,-172.89786582628648,286
218,-111.29135485646268,-169.79448579950545,136
219,-116.22413590537829,-164.09514939992138,129
220,-279.62939030150574,-163.15246702445768,552
221,-132.44754463968047,-161.3285108202521,209
222,-134.22380556534713,-155.97588397604352,152
223,-186.9152145835751,-155.00021017055133,626
224,-140.55308855222415,-152.9769154792052,294
225,-189.37840210009426,-151.83814344987385,285
226,-121.73381017161313,-150.40576648583942,258
227,-463.65873143549055,-152.95758930102332,137
228,-149.6614336348315,-149.9157002628773,201
229,-170.3169397930983,-149.42595543036455,252
230,-152.86148386628616,-147.7423534483232,180
231,-119.91011882520718,-146.72184951215763,142
232,-172.85464177767642,-145.59401693059078,266
233,-138.94788281501937,-144.1087095326655,180
234,-126.99468967964255,-143.88960835774137,250
235,-177.8948427313649,-143.8978773066499,331
236,-115.21739351029208,-142.26134413209564,160
237,-167.76978737921968,-141.5264467581854,238
238,-74.27265497748876,-139.00123937925787,999
239,-141.21242170818257,-138.37575073589022,190
240,-159.53161127239787,-136.46217231847294,362
241,-71.28934072031568,-135.0060172359989,999
242,-124.81731643484166,-133.53436033519694,133
243,-74.54491661568309,-131.10306059042105,999
244,-126.33280201173837,-131.4110863151103,187
245,-140.65541785230477,-129.79208701401495,999
246,-121.32599456690363,-130.13906942382602,111
247,-108.7211342624818,-129.6030970356689,186
248,-96.2915422204879,-128.72817345374816,999
249,-131.11928491380132,-129.93293383139354,136
250,-127.02522563062686,-130.66664263731488,123
251,-123.56602266804319,-129.7580033226184,150
252,-157.84206912092455,-131.05279180316577,360
253,-118.87508633395026,-131.45166920592553,139
254,-86.55756971190787,-131.41446239421023,999
255,-150.03742146666428,-132.68604436187007,236
256,-91.08336502946625,-132.7109725539534,999
257,-127.93508235455165,-134.47259056932018,214
258,-182.69852096850678,-136.35160929831477,445
259,-121.94869578922136,-137.1588252203519,139
260,-115.57948418591147,-138.4054902552975,171
261,-199.59747508197398,-140.34104030422225,545
262,-122.51474310051843,-141.09276402924462,115
263,-131.2549765609662,-141.93124060314867,999
264,-210.0220969615871,-143.84959766678722,919
265,-18.511123332994096,-143.9024083852478,999
266,-52.145154027432845,-144.73904127424277,999
267,-91.86398978909618,-144.41922199939742,999
268,-54.19909277239639,-142.9394309823314,999
269,-96.60512031179833,-144.00408502783566,999
270,-93.33603241965999,-144.59380451246741,999
271,-45.96165381568677,-143.42322264726536,999
272,-143.20342477934582,-143.58159502418135,468
273,-80.15323889188252,-143.8457198080351,246
274,2.8635601431261235,-142.89260860481127,999
275,-22.744871090145367,-141.95815521381553,999
276,12.287000471998894,-140.59644795036576,999
277,-27.298597747489147,-139.59251735145378,999
278,-72.05904699192753,-138.62003945976406,607
279,-95.20144656871047,-138.57246631516182,280
280,-72.0775850242613,-138.6878291163137,999
281,-58.147504783321416,-135.73809114542152,999
282,-66.62826212792302,-134.71163440517782,999
283,-58.89130982861614,-134.75318488900768,999
284,-57.127911322065486,-132.58402670642167,999
285,-71.85306827615312,-132.05722545915242,999
286,-57.54685726907749,-131.29786648838325,999
287,-83.1984621411262,-130.9091257695704,999
288,-23.098758518167774,-130.18217120298203,999
289,-172.6509347134712,-129.89186771993388,147
290,-353.5642328074525,-132.5171991475575,155
291,-100.7788641975864,-131.62503269085315,999
292,-97.08633482413065,-131.79579932635193,999
293,-74.78050471603724,-130.46878398499445,999
294,-597.4723974842645,-134.30410872640525,466
295,-31.726469880169653,-132.44627824984502,999
296,-38.34199976464291,-131.21724684067797,999
297,-254.57364376054855,-131.34943277117424,999
298,-432.90606280799386,-133.98036606084185,550
299,-62.42676427515592,-133.64341877975627,999
300,-81.88471027279668,-131.99191880047428,999
301,-53.54079459126902,-130.32160732105007,999
302,-49.88001306596018,-128.56678809922144,999
303,-17.880012457497244,-127.6017434258425,999
304,-22.674321654493905,-126.76832193740712,999
305,2.3751207113154598,-125.46928358277599,999
306,-15.499713612466124,-123.66219299334642,999
307,-12.273704303726763,-121.87636496363899,999
308,-5.650357122255683,-120.44176838475688,999
309,-25.082898043733245,-118.79465807518662,999
310,4.360102326170008,-117.34021434233689,999
311,-60.221916129971234,-116.41466792672243,999
312,-26.154318038220797,-115.52171050892971,999
313,-37.40156292385827,-114.258876749541,999
314,-5.071057647591316,-112.58158964880576,999
315,-49.760628281769655,-112.07404524316382,999
316,-70.53500352709489,-111.03027072338351,999
317,-56.47398309564771,-110.3139689682193,999
318,-40.318482288252255,-109.60424024253722,999
319,8.102496305523191,-108.3609739204282,999
320,-66.99082426122256,-106.23458826002536,999
321,-31.50773602414044,-105.22519017386996,999
322,-36.639877916470695,-104.24935089738119,999
323,-24.450505028211214,-102.62470380182755,999
324,-66.10340204046977,-101.88020693671,999
325,-28.67236657773868,-100.27314658148646,999
326,-54.90435039570308,-99.60485198372737,999
327,-149.81971798791662,-96.46646184925163,650
328,-84.02870975014014,-95.81013461040469,145
329,-125.78896097804139,-95.36485482225415,237
330,-28.011857544154324,-94.11635855903282,999
331,-70.05813625978564,-93.61783873337859,150
332,-28.91868066901074,-92.17847912229193,999
333,-34.97234182620223,-91.13872371240377,999
334,-42.36594374787919,-90.29243625308614,999
335,-138.91023673828627,-89.90259019315533,288
336,-47.08359116743413,-89.22125216972678,999
337,-84.91361009427062,-88.39269039687728,999
338,-76.1571202359026,-88.41153504946142,999
339,-62.38279484258299,-87.62323878080541,999
340,-28.577138405373212,-86.31369405213516,999
341,-66.48021046085164,-86.26560274954052,999
342,-49.05913551751533,-85.50802094036725,999
343,-67.74466718635878,-85.44001844607399,999
344,-47.50867339165723,-84.6517771598732,999
345,-85.94517056822957,-84.10467468703244,999
346,-49.251066986683,-83.38392541123025,999
347,-60.88297992188049,-82.90554386782422,999
348,-26.14272553857292,-82.2040557010051,999
349,-77.68072207456039,-81.66967007261267,999
350,-66.99813779493549,-81.06939919425577,999
351,-26.6787497458325,-80.10052646503367,999
352,-87.6944492323044,-79.39905026614747,999
353,-27.716474609368873,-78.48746414890165,999
354,-31.042901927857635,-77.93231747106114,999
355,-101.39142641383859,-77.44585752053287,999
356,-79.8222761305995,-77.33324663154421,999
357,-23.81375110325435,-76.29203331903123,999
358,-80.8879564734097,-75.27392767408028,999
359,-22.657898958022358,-74.28101970576827,999
360,-11.858163820998087,-73.24380650211916,999
361,-15.051666041525158,-71.39834841171465,999
362,4.1445881712002475,-70.13175509899746,999
363,0.5432262092551081,-68.81377307129526,999
364,17.37633885938341,-66.53978871308556,999
365,-31.729517183847683,-66.6719726515941,999
366,-31.89653732040452,-66.46948648452381,999
367,11.526761271879963,-65.43557897391406,999
368,-44.807242059908866,-65.3416604667892,999
369,-31.308521909506236,-64.68869448276627,999
370,-23.345512774856463,-63.988789286318244,999
371,-3.483569844507347,-63.56400844660644,999
372,-16.015713402388954,-62.292131332836874,999
373,-29.37106473346231,-61.78430959125266,999
374,-33.124950924667075,-62.1441947019306,999
375,-34.25744391303254,-62.25932043015946,999
376,4.5031265600808865,-62.33715916927863,999
377,-26.67420951608484,-62.3309152869646,999
378,-11.471547829194904,-61.725040295337266,999
379,7.044069574232363,-60.70258513390784,999
380,-23.69930485359334,-60.218802332201165,999
381,5.203876548656249,-59.58528851888139,999
382,-56.65669156576995,-59.48557281325984,999
383,-37.54326033086013,-59.27209231828228,999
384,11.1857083326262,-58.58895612173537,999
385,-52.796950548437366,-58.39839494445821,999
386,-37.279526696416525,-58.195721638731605,999
387,-54.54972781017931,-57.90923429542214,999
388,30.178687035581735,-57.37645983988464,999
389,20.283652099096297,-55.447113971758974,999
390,13.744144997627744,-51.77403019370817,999
391,-12.208903020462596,-50.888330581936934,999
392,-21.16240634663921,-50.12909129716201,999
393,-38.95659770076195,-49.770852227009264,999
394,25.503281284606132,-43.541095439320564,999
395,14.291147046118938,-43.08091927005768,999
396,-80.07634565987242,-43.49826272900997,999
397,185.02255331836574,-39.10230075822082,828
398,197.75760458881328,-32.79566408425275,532
399,210.23823426081236,-30.069014098893064,549
400,210.94152499111377,-27.140751746253958,487
401,-6.4058519037907375,-26.669402319379177,999
402,-45.88885067300432,-26.62949069544962,999
403,225.48111195380767,-24.195879451336573,452
404,-168.9787808201478,-25.658924042993114,965
405,-164.67392962211986,-27.329414546327467,731
406,-148.87060129173875,-28.663123423120187,812
407,-1.865593044413381,-28.559042310527058,999
408,-53.570666991804,-29.03824540922254,999
409,-10.181937116653947,-28.889235799951745,999
410,-18.807329346577855,-29.120910116679223,999
411,-83.49940850893088,-29.35368504046882,999
412,-43.31776077502526,-29.525319467836866,999
413,-79.23387421038655,-29.94364258070215,999
414,-23.870982410750845,-30.131641828333745,999
415,-80.95920303153494,-30.443627575831396,999
416,-83.5869996261121,-30.574147536821567,999
417,-59.88487732886363,-30.608256479153724,999
418,-65.29735320927148,-30.858045188363917,999
419,-73.36224495101459,-31.672692600929295,999
420,-39.55521134054312,-31.3983364717225,999
421,-53.30393722129052,-31.616298483694003,999
422,-84.24973291215214,-32.09239703365082,999
423,-39.52578765837226,-32.24314985995243,999
424,-85.43267678290398,-32.43644260737677,999
425,-109.76949459900554,-33.24741388758944,999
426,-68.1284129048526,-33.379654512680936,999
427,-9.88339703902942,-31.980291303192057,999
428,-56.5247587545236,-31.70525179323589,999
429,-41.560948641831075,-30.862971669873797,999
430,-50.02356624873464,-31.083088756919597,999
431,-81.86935917897017,-31.201200986111445,999
432,-66.46049552578982,-31.57661913467923,999
433,-91.26766641806368,-32.13957238059785,425
434,-24.04379496437121,-31.95635089276276,999
435,-124.926953102941,-31.816518056409308,999
436,-56.065091515208564,-31.906333059887057,999
437,-57.50149890927908,-31.63221194803715,999
438,-43.092338609417766,-31.3015641317723,999
439,-99.80452035729539,-31.675781386919425,999
440,-57.51603080486081,-31.9651703109143,999
441,-88.0290197748408,-32.18065840405419,999
442,-77.71800473859744,-32.46724709626501,999
443,-70.18152181537235,-32.491615642555146,999
444,-56.00110476950397,-32.57653995633361,999
445,-48.58111367079057,-32.202899387359224,999
446,-43.595889620724975,-32.14634761369964,999
447,133.47569261912176,-30.20276088828962,766
448,-66.52551068432503,-30.606588739747146,999
449,92.79092138791434,-28.901872305122396,784
450,-52.18597188198295,-28.753750645992874,999
451,-71.74321533974111,-29.204395301931953,999
452,-96.95690939729056,-29.297019903581813,999
453,-114.37788833410832,-30.163634040829212,999
454,-126.21417079763081,-31.115346729526944,999
455,-93.49195362263299,-31.036352001614883,999
456,-36.93139737442712,-30.607443214053163,999
457,-46.614298281902734,-30.835448685839648,999
458,-33.62669098446568,-30.362836030950206,999
459,-27.468661564485615,-30.410943657014837,999
460,296.3060578273723,-27.32930144053114,170
461,-60.06874902152037,-27.779472270331087,999
462,-81.77360740246515,-28.638654226067743,999
463,284.75204782863364,-25.79656600987396,208
464,-61.597211150280565,-26.586301509970596,999
465,292.38197140037596,-23.345186624128356,143
466,-64.8911751504809,-23.67513300242912,999
467,-68.02339225385012,-24.47063453768643,999
468,-21.106074198844404,-24.23362285907578,999
469,275.04784981098925,-21.170059141870823,216
470,-41.632383278439924,-21.35292784690666,999
471,-43.29958159907117,-21.7510879644523,999
472,-43.69643373822903,-22.0278951678107,999
473,-45.44600203194228,-22.188644540795504,999
474,257.66216262838014,-19.28077340526503,174
475,271.1971589925784,-16.226227376208918,146
476,-68.71724120620189,-16.95843105387175,999
477,-12.863219308674296,-16.82032115179764,999
478,242.5558703812021,-14.28004696969367,323
479,254.87227445615972,-11.801764920874396,186
480,-63.10416791455794,-12.195813551484044,999
481,269.5416034010596,-9.55243628296001,462
482,-25.793277764712773,-9.243802144949438,999
483,-75.28434992384527,-9.621213040879287,999
484,-73.07028120389327,-10.46377293624448,999
485,221.45189830904098,-7.721284447669697,611
486,229.09750104682348,-5.057514170237296,266
487,-51.485268681036914,-5.026869578945873,999
488,-43.44036762292452,-5.763060125530935,275
489,-69.60265753997965,-6.661923221921695,999
490,10.180868898505365,-6.697555982912919,999
491,-8.446976184850707,-6.6599367145568,999
492,-10.163579239569257,-6.549948443486101,999
493,-18.721462694951768,-6.347597093427998,999
494,250.61437861537877,-4.096486120120272,184
495,-24.59186961284421,-4.485316286709902,999
496,185.66211952322587,-1.8279316348789203,709
497,-10.802017135999982,-3.786177339422574,999
498,-25.449449905736028,-6.018247884368069,999
499,-45.049371640968786,-8.57112394338588,999
500,-12.62880532554085,-10.806827246552427,999
501,0.02057906793901093,-10.74256293683513,999
502,-8.706120333959964,-10.370735633444685,999
503,-35.873789770352964,-12.984284650686293,999
504,-1.678006098309031,-11.311276903467904,999
505,2.8213286904441714,-9.636324320342267,999
506,-7.8344383682652,-8.225962691107531,999
507,5.735323370257393,-8.149953526960823,999
508,6.598702896647672,-7.548259828076307,999
509,-9.648838777511543,-7.542928844684881,999
510,-48.99515717480368,-7.844807122967141,999
511,-17.456698308922814,-7.18438002096706,999
512,-6.418959612841886,-6.815392009345226,999
513,-10.972003756354702,-6.132773304804907,999
514,35.09767587477734,-5.543086721949626,316
515,-42.404819554070464,-5.157542887174982,999
516,-11.229931537280446,-4.433972206286667,999
517,-11.735064596697757,-3.952474078965007,999
518,-9.206402861185504,-3.3915645754841477,999
519,22.506211054771327,-2.4328800154262877,999
520,210.8895785081025,0.07156788306016836,692
521,-17.088313940522138,0.4337241158678529,999
522,-37.900615794675915,0.8972152870426148,999
523,8.102033309056152,1.3734934967168988,999
524,-63.32369458107826,1.594583318735157,999
525,-13.34326440969265,2.5588456206282855,999
526,-26.34061140271198,2.976723635649691,999
527,-40.41430795079597,2.671414526532026,999
528,-76.89310555921054,2.4677310584851555,999
529,-42.94999302872553,2.4538406146162117,999
530,-46.24988903919072,2.4915773867116506,999
531,14.555175645435224,3.455822734955705,999
532,10.330842052029894,4.2237361107339,69
533,-24.824059581457504,4.888172179099963,61
534,-2.3951215881091628,5.104658912862584,85
535,248.43573502091485,8.838285794101143,251
536,-114.16421094902772,8.25729459976295,196
537,-131.5829427295527,7.516480161560214,167
538,53.56272668988521,8.483030814553244,81
539,-98.82626766969635,8.492813341429235,227
540,4.534846224024932,9.113322111718091,69
541,258.38210288604773,12.57743333832698,178
542,-53.415773781532906,12.820455647897624,88
543,243.14378775516332,15.953708743602983,261
544,-191.77176312501814,14.596002160047835,218
545,2.010454805357213,15.101917844809316,98
546,-196.49077270678023,13.57296901394876,115
547,264.9687577948763,14.887899665706309,157
548,252.0769944657968,18.07392471720753,164
549,21.046594370189936,17.35648144703028,107
550,244.45272139278916,20.322868379778004,263
551,3.388322239953453,21.07418375557495,140
552,233.50859280012884,24.378838777549145,251
553,283.9870719261617,28.362488380151845,161
554,-2.903216101557618,29.595597927112575,90
555,-187.69135633808747,28.65360389995803,222
556,-0.951389258174383,29.013403981120554,999
557,-194.501449760671,27.534532466332877,205
558,-13.75055862415519,27.733293789935978,87
559,-8.761294392199062,27.92036746165885,72
560,-283.6382140522377,22.120924742862744,147
561,35.78224412232697,23.079434674301226,73
562,-3.5878397870609158,23.86129235045526,999
563,-256.91534244892443,18.444618447679677,111
564,59.728749653582895,19.657878055718314,108
565,275.1158286010228,19.485216627724785,149
566,-1.5568877809726729,20.118559501419867,104
567,229.52746628325943,23.094068086790962,248
568,239.35839532960776,25.698712782075486,614
569,-87.98128919499408,22.06842139201565,80
570,308.73424328662327,25.57208765766628,188
571,233.11587257433484,28.336242199400345,262
572,250.13370930008574,31.274543629783487,241
573,256.1905496459691,34.2909091465626,202
574,-231.01858896795213,29.404101630599275,129
575,268.7458490726656,29.37958853140015,194
576,-388.72395922493814,26.179521351212788,181
577,241.94229439241462,28.727576488223676,241
578,237.65147458378993,28.678532530249555,293
579,229.12514241421397,28.421061209830096,284
580,237.0430601302552,31.422533490278223,298
581,265.20747527227365,31.379192208990368,327
582,239.21988828053492,34.02932386944284,235
583,273.67211141279313,37.51888848280923,172
584,287.0461258203246,41.12005255305141,180
585,252.63180219716244,41.43185159193263,244
586,-216.87257811868236,36.97215080027757,115
587,224.21019182071893,39.72910540529513,337
588,251.10781683642756,42.67458724988865,227
589,247.63678394206437,45.84698166470909,330
590,221.76035387224962,47.96277651444653,290
591,263.87302563185494,50.68597653261359,285
592,5.758137178216188,50.84519369679145,71
593,-176.5570339588074,49.266837984152886,120
594,-35.57001471433232,46.40499405085577,999
595,171.7163971682073,48.36807671866629,654
596,215.84439810855648,48.6698995045196,448
597,-185.67344435539476,46.921185232325655,137
598,253.11192537232427,49.70679898510625,335
599,235.89988372271822,52.516291538743125,130
600,199.27071518558103,54.63528674385434,413
601,221.3257899442636,56.84833885261759,419
602,219.36897269766715,59.12908978293386,382
603,204.49264169472707,61.532754097584665,372
604,5.554060932743667,61.605074767895196,104
605,-140.28925157034712,60.17396896528728,210
606,220.85391898824386,62.46085253885237,444
607,238.28684796355378,64.78636778478533,291
608,-18.057554076158183,64.53980521505727,88
609,212.44647487179984,66.76075835155038,394
610,-31.673745444924002,66.93397246884916,999
611,-95.25866973374346,66.15595275460096,156
612,-32.81302819145432,65.89201206881484,84
613,255.90917532341982,68.56082385961258,307
614,-47.5090138972024,67.73475696189278,999
615,-71.03210736719251,67.44848408376156,63
616,226.63700034954635,69.82715340262985,816
617,-146.3865965384996,68.48063808321183,871
618,-40.65562782716644,68.16614583355202,85
619,145.71237330892112,69.39820745609353,642
620,19.349000493488475,67.48280167594737,97
621,-16.590955706003996,67.48777525829256,97
622,-93.45247489103978,66.93225666732891,57
623,-39.823712984734385,66.452999204391,79
624,221.1495947388354,69.29773209759016,391
625,267.3909359138123,72.10507410082519,135
626,140.59362970512245,73.77441651190354,669
627,-139.40425134198838,72.78451707799161,731
628,-83.65529983894966,72.71689513519422,415
629,244.8114074818385,75.59450914029986,314
630,0.5647735803180325,76.06265576649496,105
631,-33.23561314617092,75.58474787857888,999
632,249.4280374568366,77.97571983262696,329
633,254.3355533101746,80.76731596154328,309
634,71.8276182698977,81.50954336012336,76
635,205.599333819635,81.08117934811054,355
636,279.5727915995135,85.01854937359596,413
637,-40.38798069590391,85.93049899393247,438
638,183.09161594522723,87.2257878864859,548
639,182.16541181380836,90.03570468132095,307
640,275.5135409284922,92.74549162836561,288
641,-20.991832121243675,89.95175227829267,92
642,226.2094678439506,92.7480046945475,406
643,254.5774053459469,92.86234087045531,313
644,108.72462197345111,95.86730472144004,630
645,252.36475979280124,98.37084777131446,469
646,-25.891638789182274,100.07683911049047,999
647,230.76201566969712,99.73477168923868,350
648,277.69844779571326,99.99098622253786,272
649,-41.96982746121305,99.3608220042238,272
650,-11.651042765987725,96.79978436263606,90
651,-168.10957736370995,95.08480536659943,839
652,284.257541912752,95.59229485772563,231
653,266.7730938286102,95.4201550767501,218
654,248.11677750845206,97.9303550128502,214
655,202.73033466302334,101.83457192286133,432
656,220.14192909682274,104.04550510641127,263
657,251.42012161426044,108.50472082016061,262
658,261.6569937337622,111.25879634373977,391
659,176.4396619695246,113.11080590735705,643
660,252.52863474452514,118.47247439532467,204
661,275.6603047783478,120.87125500188488,299
662,257.3296264328744,123.48042966408423,330
663,-32.173625236560994,125.72784683620786,95
664,-58.05755238859821,124.54998381578605,999
665,-58.04645931114531,121.21836093666435,258
666,-12.55286582906109,121.10840115618348,60
667,-10.642255702408193,118.70670393632679,81
668,283.0834865868877,119.1439548488996,229
669,263.3998786986521,122.65776652783605,164
670,6.166447172331658,119.63208856669313,82
671,133.39978919923306,118.63492773294212,847
672,6.706003834333501,116.2006506782846,99
673,-131.2043393231238,112.32670178859367,536
674,246.79690187523863,117.10485669702557,202
675,-154.18774743552495,112.8755207319437,999
676,-136.92873396076288,115.39347298458544,438
677,224.77712054696246,115.2218212461309,140
678,214.8837598888636,114.99414409918163,295
679,30.517442574537597,113.00806710078487,84
680,239.36716787718115,113.03130817825411,844
681,175.4499600946808,112.13373302647818,502
682,255.41759716772023,112.29571011535003,660
683,277.68510314263324,112.33584003264845,303
684,130.57703137365775,110.77114908818177,800
685,-97.99075675363389,107.26492349867381,999
686,52.56435928724696,109.95929287273312,70
687,198.18905210848504,109.69908147561077,762
688,217.73285367358105,109.36533184398232,340
689,-117.68435830113003,105.71212042155035,644
690,28.376740258116197,103.77828428540901,999
691,265.59942246940795,103.79554825378455,213
692,-141.50544148275395,102.32291246717486,586
693,230.88841470746775,106.3973669538376,249
694,214.81490691499636,108.90121617013091,433
695,290.99803426234166,110.09403254107225,156
696,273.9768930182812,110.6753574901695,219
697,-98.08432586772294,111.55124867504622,999
698,72.14100356413564,109.74153945696435,82
699,282.25550196187123,110.20509563935586,172
700,-87.94736726346395,107.3329148148654,459
701,292.7516424093525,108.04717333951626,175
702,225.89110119878825,108.11239462452748,468
703,282.5170213433358,108.89263842101359,168
704,252.08826458206073,111.35798045750673,243
705,281.4610743565927,115.57548371677615,228
706,113.66189857239098,114.50356351261762,999
707,260.23826084072994,114.72307764138937,226
708,293.11220452539243,117.83477522740486,204
709,266.7457863349205,118.37776834203609,190
710,243.57785135269043,121.13028431001224,425
711,150.15731017177995,123.5844441090675,994
712,-13.18511143406324,123.7807232766414,999
713,298.4643211680717,124.20627473508793,387
714,246.95258009634424,127.15089067502339,305
715,278.045619844152,130.64166794713682,232
716,258.418754975033,130.9594854933917,186
717,69.88061010147814,133.12215755979148,132
718,292.4644566960205,136.45335840502332,192
719,250.05633809358545,137.49679805287,305
720,276.7961843581132,140.0712698915162,197
721,260.61174207171234,142.84329686929337,331
722,259.54746767105627,146.37329629491435,286
723,264.61817445677406,149.41771516932943,151
724,287.92782657150553,150.08549748765617,180
725,289.19789079231043,150.30356703644114,194
726,298.2215344238972,151.87984608362888,220
727,271.1371249761215,155.98525984680995,212
728,53.619050037248684,157.35800334557194,132
729,238.94068841477622,157.2992961549013,628
730,308.88297471951114,160.38247816629323,169
731,227.62485551388244,162.99108285289375,276
732,270.41999496818903,163.2010024280073,163
733,276.4936692406071,163.4225835873116,138
734,267.07163401207686,165.3750237447334,219
735,-50.36967258195716,162.8153336807175,999
736,291.86930454966347,162.93829881021898,201
737,49.28067969159869,163.83498541409404,129
738,258.7703952330386,164.59177320697214,269
739,242.41539990835963,165.19427308791768,199
740,266.79628723461974,165.10710055097894,352
741,-7.062969496586156,165.24638917722552,999
742,41.58765167701071,163.4001710155561,100
743,260.4142350255577,163.4585393123522,384
744,256.924756161329,164.940540654231,224
745,269.02530591329935,165.10714611543597,334
746,283.03271094503543,168.19638961277815,608
747,292.82406594573155,168.8170101155385,170
748,55.88084662915168,166.59883410387292,114
749,60.146531048915676,167.6199976889742,119
750,251.23658462906192,170.2488739629247,198
751,277.99689806801643,174.70993871724193,227
752,279.5042029128802,174.66240532724322,280
753,262.29569790357095,174.61763136799283,162
754,291.70329438510294,175.05349653675938,182
755,270.5806790663793,175.73199998079292,230
756,284.31053601703707,176.37368604999506,147
757,52.018058404742504,174.3796654178999,175
758,59.021098222417606,172.35330646278643,133
759,282.0796245995434,173.40970608908663,241
760,287.92927757233383,173.76371251736467,177
761,259.7640225413178,173.60474969499438,194
762,197.29375015539583,173.00439093221956,612
763,290.55378802073983,176.23166506479262,380
764,48.48630624662533,177.29710365114482,111
765,279.0641129746378,180.66820937400269,185
766,244.41714221219962,183.23790945441525,505
767,245.22766674010592,185.79660867884039,275
768,262.28813105952497,185.58865512356675,284
769,267.8543106717467,185.63319944329774,211
770,305.8152774374889,188.62968774594935,200
771,291.98004272236125,190.21549028118062,187
772,201.21338842296004,192.16056412706686,760
773,264.67191336775204,196.11932665397558,155
774,251.44773877748628,196.16583502299804,176
775,271.3891604736481,200.42160410208982,155
776,274.5519319471354,204.5364107611688,228
777,237.21113715275115,204.66075092722664,215
778,248.94269870169532,205.001340315355,237
779,296.51222402281115,207.66128812983771,215
780,264.5349007797565,207.91296545886348,324
781,248.251667411288,208.64098253202957,178
782,291.6692207115756,209.00349876746813,249
783,258.9590694233782,208.81623843027555,151
784,287.95343985352963,210.39000251507426,215
785,289.6671373870006,214.2665814564806,216
786,280.8533684249007,216.54947154785717,218
787,238.27567418891184,216.95033776866148,791
788,242.1235801069204,217.19424503299484,183
789,275.1415532643001,221.12250414864917,190
790,278.7149610254291,223.62588635632227,195
791,267.0416178720435,223.64030831034862,491
792,243.69833083894096,227.49234603356558,361
793,299.0583447225439,228.17404533371635,206
794,-36.374790047074185,225.66214836409566,999
795,284.2019523164074,225.59418754463633,192
796,271.38223743121387,225.56824098876564,316
797,260.85716307279847,229.15765587817089,309
798,264.40427341905985,231.08028857672014,185
799,245.82376742145578,230.71597123131593,325
800,270.4558838323885,234.30000374227447,204
801,288.8524623269786,234.26101194145068,281
802,270.4812217145866,234.70691314660868,162
803,284.86163252616336,234.73035925843703,172
804,274.54888322607917,234.95496544487716,243
805,222.88558538659547,234.3692105551772,653
806,269.3222047245158,235.92581361669843,181
807,284.1615532270047,236.16504654056115,202
808,247.91696464542034,235.71309414176147,166
809,264.78933811618765,235.69352965957412,197
810,243.940377065518,235.69715491670237,261
811,259.66239225541506,236.79220573753875,173
812,278.77349819284353,239.71179183380784,179
813,276.17675441755966,239.48891616630274,194
814,-70.93845960452389,236.310005769294,999
815,-80.1803668660934,232.72774590219157,999
816,285.92850241799124,233.00284337662114,221
817,154.94875804044577,233.8535248560108,999
818,299.56093536177855,233.92448964266842,474
819,300.31547233709216,234.4270809851035,239
820,279.95627246358845,234.45868186615826,194
821,270.101321682867,234.55357766226982,584
822,287.869336354594,234.83679634910513,145
823,315.65525220536824,235.34716712659105,187
824,289.0297068333981,235.35818592921,160
825,261.28869580245544,235.0790939793114,157
826,278.5736230300629,234.88261486537306,144
827,289.37820722033865,235.06502568781525,406
828,307.26553936897113,237.60149058113254,356
829,281.79049694737967,238.02998866645856,177
830,261.7824417062504,237.55898333632595,199
831,237.26187869650676,237.6553535681522,156
832,276.2599399588355,237.71375301805867,169
833,237.26034120847643,237.3214197377374,196
834,286.1251517290256,237.51195491490682,202
835,252.57747838519506,240.5414264245784,157
836,272.25335580749396,240.34526693715668,492
837,296.47906302799873,242.8172507705207,174
838,295.02388918912146,243.1797857100815,228
839,283.3324484483529,243.58895619548144,177
840,69.23404514764499,241.61333377461168,131
841,300.36429407476123,244.68760641032515,197
842,274.6818712533882,247.01854860608893,193
843,281.7574034066729,247.2319802899001,208
844,275.8084684891231,247.420817413178,577
845,283.2972801372505,247.56353715541755,200
846,288.874849607887,247.62195854204597,312
847,279.14425822233943,247.48516046481208,167
848,299.2107226076258,249.91845922459686,194
849,284.68551531767764,252.16384906728447,467
850,294.8524150150257,252.6000073711441,582
851,270.6816316247028,252.52685470671094,182
852,277.7533975217503,252.50934665279965,196
853,241.21778779992735,252.29856755176323,159
854,272.6152229010262,252.10768683692248,178
855,267.4066972069211,252.0759470183279,452
856,278.83515465206233,252.0211932046781,141
857,289.7080196901264,254.39809281753193,185
858,261.7283792344152,256.42516562765195,152
859,256.77923754322296,256.1721617570887,485
860,279.74748379349506,256.09034381930036,232
861,267.6386678060077,256.16909027194725,172
862,264.3307765392691,256.839460535786,182
863,293.46149582355054,256.86853761381406,177
864,259.0525111765945,258.9741996631138,153
865,253.5633464944248,258.7191919983116,156
866,299.20044313954054,259.26702500758506,154
867,277.85139566398186,259.5932622968238,337
868,261.3140407259914,259.5835213934885,147
869,270.4426955841948,259.609405242613,758
870,300.07144855039985,259.5519669537421,206
871,292.5991262093265,259.55815778861177,179
872,317.6516412718321,260.7225403171005,240
873,290.94376594748314,260.9852588428978,215
874,297.5274444509794,261.4460558996327,224
875,272.789994604796,261.4600642409442,220
876,280.97950453952194,261.524339966868,173
877,271.11555463863647,261.8633841417269,194
878,264.6132687076973,262.02008984178696,194
879,267.2682611175266,261.7276502127341,176
880,255.91435795381534,261.6414447844747,160
881,307.1719303376761,262.23064741373855,214
882,270.5328483194121,262.019283689817,204
883,45.582263581219536,259.8855156313954,150
884,275.6702488320091,259.76268372118017,159
885,290.68321007076395,259.77284444801774,178
886,268.438385280748,259.6486946165762,217
887,292.10854224671084,260.1870232971542,207
888,277.72014364455134,260.5429889325306,330
889,45.18003105154574,258.243373710403,139
890,270.89039132467104,258.1651280133954,304
891,260.843374420083,258.1031455788758,183
892,250.33897210978353,258.1695519915843,300
893,251.31058489356246,257.69207439329443,177
894,274.3960995611262,260.7997832893764,366
895,307.8072882654328,261.0358366488667,418
896,278.5458090082994,261.10747236463754,181
897,243.19649296199842,260.9308656635295,280
898,252.6669577484462,260.81349250682337,187
899,260.5115697311269,260.96037052992006,381
900,280.3009274905056,261.05882096650123,231
901,261.86036638535387,260.788900007085,194
902,273.71486972410634,260.8212364871802,290
903,49.244500875110845,258.4650651706697,126
904,264.4773998330735,258.3643503367397,266
905,270.88230306877347,258.84431751356146,223
906,247.3446534577778,258.62454200089405,184
907,277.444696112167,258.5573734297457,190
908,275.54876842126316,258.83369146750414,254
909,258.05870120437964,258.7663850983861,182
910,258.64648933110334,258.91344622104185,175
911,303.5201978226322,259.352024276714,247
912,239.18798383675085,258.9561691331531,216
913,269.68014760533663,258.8912030650309,264
914,267.3655343509596,262.2742430045857,379
915,256.61392031677553,265.64218587641443,202
916,224.50521068147788,265.0279529590493,639
917,252.27544476637908,266.0012198263086,164
918,260.6541510792179,265.61215198348305,203
919,268.03484896446867,265.28934574975676,280
920,304.2328739186912,265.5321117643078,262
921,300.0190342309578,265.83128888978877,207
922,260.7072051643444,265.5596675778862,205
923,264.09240000565455,265.0440390558891,323
924,293.1482431181714,265.08522441873686,250
925,281.44528187526964,265.2867902794649,194
926,260.7141069249394,265.10819511841373,231
927,288.18448968380204,265.09625794304833,183
928,279.77566751428463,264.82135922450146,161
929,294.15063672931296,264.9449606223208,186
930,279.47439886317613,265.1218801938901,175
931,259.6055791519159,265.34531719844415,205
932,280.29571496497306,265.38567494850554,197
933,304.4995775400911,266.0580673118217,288
934,307.70262037128896,266.27384199824434,274
935,284.8606052497481,266.59667326688987,255
936,282.1780915091158,266.69592062390603,210
937,257.0597741560222,266.3017277351863,186
938,294.10886382376395,266.29257748153276,181
939,291.8553876678279,266.3778068737275,191
940,259.19491608502176,268.27741558310123,185
941,249.58456889651492,267.7696183313187,169
942,310.6082274646506,268.1288818934314,207
943,290.41687376616176,268.2154765970263,195
944,270.49804760929305,268.162372388228,258
945,277.26119700449686,268.1020115569004,216
946,273.4944193668657,267.9482072544902,218
947,278.9993486893215,267.94675815916,205
948,250.85252326297993,267.4631761657136,182
949,277.0484775954845,267.38680578849164,199
950,250.8740614561146,266.9470222529025,210
951,279.1316530926639,267.03152246758214,165
952,294.9429736659464,267.2034182290241,258
953,288.1601774112004,267.6728421251368,183
954,282.8487281687959,267.77517717781456,327
955,25.489294991682215,265.35600315566217,179
956,268.4294135309097,265.25194574445067,197
957,261.6003977454108,264.9708695250035,188
958,288.9572363309144,265.24315809596845,168
959,288.5298080993746,265.5606638015299,264
960,252.67005888855095,265.28988955248053,189
961,274.35556656293244,265.35705854004976,196
962,255.18902837503396,265.2656410584074,201
963,256.63868387986497,264.8974129389706,204
964,272.7428012951548,265.0343158401562,370
965,281.0406876509695,265.3090892517216,163
966,250.61742964569606,264.82325911678316,248
967,265.83460734683786,264.70309123361176,174
968,284.0716283159334,264.9306671095112,327
969,282.64054648949605,265.0526456185642,220
970,262.95202260318604,264.6814513590921,225
971,284.5557863852904,264.6010179608517,329
972,251.32921615137633,263.9377937096471,157
973,274.26556907380615,263.77101174091035,237
974,280.7060561746498,263.6027978581471,201
975,258.7446477669147,263.46234438976825,399
976,261.2187857407,263.26473720178006,215
977,255.09724990888984,263.10455415448257,236
978,281.4955488349525,263.2733769557551,195
979,279.90676668271266,263.39976201140695,180
980,-196.049081042548,258.88012762144336,929
981,290.655558286702,258.7149639009336,251
982,276.99348448126625,258.77957026255217,215
983,299.27989001291735,261.3165465268691,202
984,266.82553213862536,261.22809935993524,246
985,40.44122882584233,258.72567954748604,188
986,-101.91311281734043,255.02216456650515,999
987,253.33298187118896,254.63440896274997,341
988,-69.59813956069218,251.16122613069754,999
989,248.32880067127098,253.19271382689485,214
990,38.77273288976005,250.8715372425457,185
991,262.9152875573618,250.89225637391849,252
992,-64.21179254122292,247.7467487274084,438
993,267.4152076982162,247.90779495545493,178
994,243.78643776405147,247.60169833748415,450
995,146.59563139762065,245.98958176880606,707
996,257.8405726783105,245.78252940550618,244
997,272.5860507464709,246.07642498335085,336
998,276.94386024688595,246.3191940083353,314
999,266.4101608860027,246.37817991988405,244
1000,232.41266633234346,245.89929730830244,311
1001,276.4230093250481,246.04492373769938,196
1002,264.3243790138526,245.95101883059684,248
1003,250.8148202602203,247.9667220244479,165
1004,230.8045688582192,247.62999371469937,424
1005,261.99660967257125,247.54113678073736,230
1006,279.7173723397011,247.86486396955664,240
1007,141.02092180259484,246.50062622646092,855
1008,281.56895241249697,246.56082806637326,270
1009,251.20978398108872,246.49233889414035,196
1010,290.41023903767194,246.809976391206,201
1011,298.8843879922263,246.76361829290195,276
1012,306.3604230211988,247.43534268474642,212
1013,287.6252191396509,247.61479340008958,192
1014,248.54965355824237,247.4266345921624,472
1015,249.848288257746,247.35897827157208,196
1016,270.01249202317376,247.81405108498905,213
1017,269.6507085512402,247.98780372283767,191
1018,278.1888251241038,248.16315046328648,168
1019,284.7484876017336,248.33028684965913,375
1020,286.278924935143,248.1507473598237,153
1021,-53.76130827077467,244.61294393480637,999
1022,260.2567535380242,244.6084394185432,204
1023,265.8662463571843,244.6261778820585,165
1024,246.19984713015432,244.1566939221783,183
1025,298.17903088293565,244.32403141225498,225
1026,269.2108330227338,244.40899867323293,174
1027,291.2238039079443,244.43939181547432,160
1028,70.55954960344718,242.34723063636596,127
1029,273.037422053259,242.13609848960542,154
1030,283.1406890971192,242.17276139194485,168
1031,289.8334065952315,242.47503966637797,168
1032,280.6823836550288,242.47890635327855,186
1033,256.4537747769757,241.99844832564742,165
1034,80.50100862808839,239.7264322082154,141
1035,301.29197635193134,239.89074591923725,209
1036,284.244566302724,239.9114106671733,179
1037,296.2865930927552,240.30367885654064,180
1038,255.26402801839106,239.9152304984869,232
1039,265.40388278142984,239.6507154496229,190
1040,293.0857390903756,239.98962367967644,234
1041,314.2402511516736,240.63618050222806,179
1042,305.6763250329766,240.58686147791127,218
1043,279.723386780414,240.47992660805383,155
1044,293.921095388789,240.71415708584874,159
1045,49.777636085333455,238.43932147665714,120
1046,246.3988331728061,238.16836561471658,253
1047,283.8764632663815,238.2171367604872,208
1048,290.88388630907986,238.61745039094814,208
1049,267.6259492640097,238.52322510763338,164
1050,294.1529276705695,238.95601376977794,244
1051,263.6118454826038,238.80081569367732,177
1052,261.4664433807145,238.46605039082505,185
1053,297.9124602594413,238.56357321930747,251
1054,296.30961755662156,238.6981821131857,190
1055,286.78820233338445,241.31117118660273,156
1056,298.5949365425933,241.61282641671957,202
1057,275.72687991493797,241.75409123841484,739
1058,290.99608290731885,241.77447970417887,158
1059,312.6902313879915,242.01608393706505,182
1060,259.5478636637436,242.084861984817,878
1061,243.73291034936182,241.7786354226813,343
1062,225.91876833349298,241.48593282226585,335
1063,244.8039889984489,241.36758587345173,503
1064,21.289816022423707,238.8530560207244,95
1065,63.34362636843812,236.67608540789908,85
1066,221.26844838238043,236.3825955952659,437
1067,42.91628437169601,234.15341236551444,93
1068,51.489300419048504,231.82758908654563,221
1069,298.7267164565012,231.98845078621568,225
1070,-7.94467003562049,229.27948385982762,152
1071,48.81880561900715,226.9221140521648,108
1072,247.34736363878784,226.8822955270389,318
1073,-28.255248437350645,223.8570873519273,163
1074,253.99197504757132,223.58994654065654,325
1075,282.1577622916572,223.82407768590392,159
1076,294.2952390295094,224.15484221879203,285
1077,48.1270232200491,222.0851399519036,72
1078,281.27012595729053,222.08288572312705,179
1079,46.953451030845,219.75335256660833,111
1080,255.63309439543028,224.2701743209881,299
1081,287.7950785514331,224.24156952363543,192
1082,277.7064244054451,224.24869892287725,264
1083,241.1741356417967,223.66764137916604,451
1084,281.2487258930056,223.81187331670984,177
1085,50.502880155501174,223.91248983000645,75
1086,277.3723853652515,227.70534481183233,234
1087,269.3889080603032,227.8659040737235,179
1088,262.9164760213798,231.1910502295442,263
1089,26.94183713336207,228.97718059416513,104
1090,286.50108446543106,231.45446410992182,192
1091,263.94263314625664,231.4647375658108,222
1092,289.7734342770309,235.00458983399335,172
1093,29.520646821617362,232.62564422522735,166
1094,-5.809789696291745,230.12968195062393,142
1095,31.139356282244904,228.97511919947019,95
1096,57.620337552646106,226.9729168482135,78
1097,293.3200362213157,227.180256702962,347
1098,51.18897542565733,224.9227078547497,96
1099,-22.31176333909727,222.0354886124987,83
1100,252.06947190094897,222.23205666818475,577
1101,37.03668258490626,219.83819340078327,97
1102,13.272509726376242,217.32767470790847,116
1103,29.85967852213068,215.11812329052762,112
1104,278.2449687697507,215.59252728964296,196
1105,-56.23631280243455,212.41019806489294,109
1106,-21.50174090694199,209.3980069324265,102
1107,296.6191095084463,210.95398880948503,169
1108,301.312817008934,211.15142745544938,180
1109,-19.451048062810372,208.4448191350104,82
1110,276.74882227626574,208.3082049673963,210
1111,283.44528841663464,208.1538139716404,208
1112,45.73492176907459,205.54755895911916,81
1113,294.07192132799605,205.61202598100263,240
1114,26.1727629366804,203.38825707478696,105
1115,63.71867761720486,201.52696096838156,79
1116,30.578430544444018,199.13262035359423,82
1117,282.11914825499946,199.25730475063187,177
1118,78.62770431301377,197.26169354252096,93
1119,300.8135814193185,197.4223444806968,195
1120,-4.135849254197524,194.51819673880343,98
1121,55.350463153094296,195.6093144530421,111
1122,66.25460287569899,193.66929294641886,107
1123,275.3469089940051,193.7640995727871,395
1124,288.86267434734486,194.19072784495896,152
1125,64.12022976714763,191.85013983380108,83
1126,45.38448018375837,189.61187630541133,66
1127,-37.36583693307108,186.3259798970012,100
1128,23.60115838733465,185.85639598484005,86
1129,311.8840058340332,186.2448618226478,241
1130,41.18431646649961,183.82529809634158,77
1131,8.778225805492141,181.01474628844417,98
1132,258.76850610351454,180.79560751292905,453
1133,73.2721583472727,178.96379134863204,99
1134,284.0788389925128,180.99956965227625,237
1135,31.686643719051176,178.3035163259475,75
1136,8.870531807659788,175.54977598099686,71
1137,37.88647994306663,172.96577484949995,99
1138,279.9586206556604,173.21272077587267,184
1139,17.633217951548872,170.73501412757386,91
1140,46.08096846484116,168.26496642131846,104
1141,14.04928280715572,165.2630567378733,87
1142,24.081720074824943,162.4471106882918,85
1143,296.2228715648608,162.61210553613626,158
1144,266.5865768466023,162.3387603507144,393
1145,52.856874622140424,162.36955273608248,74
1146,41.63816874228269,160.32194609177725,73
1147,-58.079853358118946,156.9023829255322,81
1148,-61.816002728975235,153.37538403515168,88
1149,-53.10920482913828,150.1680324942202,91
1150,30.505483318808018,147.53155805070259,83
1151,29.35173427303036,145.18895693860682,93
1152,274.4607699039923,145.31890020383963,178
1153,-16.117700918245404,142.17859859206274,90
1154,41.618708657021045,139.63168950306675,121
1155,273.55925199940475,139.49939999972696,421
1156,-22.281015213786716,136.29064048216316,74
1157,-62.304061435013175,132.91033106866362,82
1158,-14.834098705681981,129.85202925253364,75
1159,31.351848324465408,127.03864542189838,109
1160,-42.461578031727356,124.01855100494367,83
1161,246.17402073194933,124.04296210876956,539
1162,215.77894603125537,123.94156388574719,805
1163,-64.5656985703024,120.84786701005966,81
1164,-13.523137078821975,120.4997374790472,96
1165,47.50417498931361,120.34134296525595,124
1166,-117.0730002483265,116.95792847894886,86
1167,10.53549179692699,116.63412055320117,94
1168,72.34140800952457,116.84264162910594,79
1169,29.389708290778458,114.14927154744872,96
1170,35.91534055428872,114.5878716533478,85
1171,49.560771733444625,114.59529131449219,75
1172,47.602883265909185,112.59784651076342,118
1173,58.30359941860385,113.46343498932292,93
1174,51.01521236240424,111.43366736247125,84
1175,-212.96859261812017,106.48240381337348,117
1176,-4.542366150834226,103.49402776157005,103
1177,-20.389630232381023,102.80886122704577,97
1178,14.467856994566958,100.14083853741852,88
1179,276.2861813781794,102.43416584089188,433
1180,35.81740239236473,100.23600892086121,69
1181,-0.28509049247224993,97.35520723042215,112
1182,33.84489975530681,94.91659198392077,75
1183,22.366923938089272,92.72851986688367,108
1184,282.44989036839456,92.74053151163758,551
1185,31.929534334047787,92.55479805342304,134
1186,4.316463002341237,89.82423882979396,72
1187,43.678875938398704,87.5671385085749,141
1188,18.743222465305394,85.12540597301417,98
1189,58.172312019879456,85.43771072187936,135
1190,3.720045249517497,82.60990032972022,91
1191,-32.23302250872318,79.6481437731704,95
1192,293.28918844378035,79.68330131483789,207
1193,4.560796038485108,79.43370280700657,113
1194,50.189432607533405,79.99369503004483,124
1195,34.71737872183604,80.02947525444074,98
1196,20.119154098922962,79.65446341990351,104
1197,43.70061801588068,77.15826923784917,114
1198,22.379491955308367,76.87017440314567,93
1199,49.347169157864414,77.58676372811529,84
1200,28.612292043376556,75.35219192953956,114
1201,274.92784688685356,77.73110357255904,422
1202,36.02880462750534,77.95866652157034,118
1203,47.01938632770785,78.13026359962609,126
1204,265.071187702207,77.99852578895066,199
1205,15.873140527011557,78.71962032224513,102
1206,57.91532640903512,79.5137909954049,88
1207,46.197421792528615,77.00957411824572,91
1208,19.540077551840525,74.19184672367479,117
1209,46.356142801918395,74.84991863232207,119
1210,40.87042901707386,72.49113469973014,91
1211,45.510663862685874,70.11178845419066,131
1212,51.723984383165316,70.17167908033156,92
1213,20.015922542559565,67.4311190924772,117
1214,21.26572704575372,67.38204873356794,87
1215,49.0161911045885,67.23502386844177,94
1216,62.8744337889911,67.55798390088725,101
1217,29.10327319765227,65.02782515031377,113
1218,39.24858430919747,64.63403395027561,93
1219,39.453382882645116,62.02043196490887,254
1220,60.033750072433605,62.66212795817519,124
1221,57.65253516694739,62.68514867831371,112
1222,30.98358134853828,62.33243846304211,99
1223,35.20997954950218,59.93106916859708,88
1224,52.46905733955839,57.56713299851922,118
1225,32.44319304355463,57.25036263128329,107
1226,51.297278008449354,57.309490609530194,83
1227,37.2431855786547,58.05558083464745,115
1228,61.19085883163169,58.431477839090434,94
1229,287.0311528805049,58.18294930955514,246
1230,36.47935655038748,58.13589971039402,106
1231,37.95074740860633,58.42762492642517,98
1232,18.725301735482944,56.027192882744856,86
1233,290.95061143165617,58.20397741358869,320
1234,66.26376878516808,56.02582671151524,80
1235,21.634193774504055,55.92530221206977,104
1236,288.9131140995514,58.72572803498868,367
1237,51.894508884985356,58.865808324407865,93
1238,35.99218898107401,56.426144007661996,85
1239,253.7763890323627,58.787575718470144,153
1240,22.630341618074567,58.55306945000247,82
1241,34.0251101906581,58.7528277238375,135
1242,264.8980728101611,61.16099125119087,198
1243,65.10357847163763,58.849798320258635,121
1244,305.8821528213237,59.24275408000585,187
1245,41.48697706156062,59.12905510440005,82
1246,38.555795992496854,59.098231376902184,126
1247,247.58284695615828,62.15485838004496,216
1248,32.95499910360172,63.10256839837073,101
1249,64.61911683486707,64.27985161501078,115
1250,42.146992076120256,64.3962667025839,106
1251,27.338737670087966,64.37613673655447,102
1252,283.91962556796227,64.47072529319418,189
1253,57.96385865092205,65.21154088888585,81
1254,29.186865429155944,65.0872224566072,99
1255,278.8749111875656,65.14037904848881,262
1256,39.891192740501765,65.76210112803169,82
1257,6.179774668042711,66.44693948906226,88
1258,11.843178547588792,66.71371226159496,91
1259,28.68762035151019,66.6870699818654,130
1260,29.011553623755276,67.40180129842024,138
1261,30.426354830668714,65.24432463940744,88
1262,293.63459025932616,66.02288108168814,172
1263,31.345464374738384,66.98199271113855,122
1264,266.5671746819399,69.78289582874616,271
1265,303.8698944887592,72.34655302374063,171
1266,265.6911253126171,76.17419427935006,172
1267,18.54085124445065,76.25424787382529,130
1268,10.49192284965035,75.63575302222657,97
1269,28.209382694740754,75.62394976626618,109
1270,39.555086081860736,75.66034722154191,79
1271,-2.8708790246375457,75.13603071396108,93
1272,41.228693387955985,75.07228881518155,127
1273,-10.233620231532669,74.38691661868017,96
1274,46.34396489004999,74.34020414395664,93
1275,21.716014187731275,76.68705021201515,94
1276,55.75480403354567,77.29002191385895,106
1277,28.14463994400336,77.77536461562279,126
1278,274.9216266601687,80.37990231227882,234
1279,66.76930426608078,78.28473354115782,113
1280,74.59676629277459,78.67252718016192,103
1281,259.33098790481097,81.26868796413476,172
1282,46.762629416123104,81.3978652607429,117
1283,36.951768101665806,81.54371370237867,116
1284,-0.8851083160194548,78.71036371553454,119
1285,264.0180753699907,81.03124912589396,336
1286,20.532618266077847,81.19341067853134,110
1287,296.4584440483618,83.72120635963095,212
1288,9.902251971312893,83.63279665469103,90
1289,262.1785505272799,85.67285903976504,180
1290,281.89930914636153,88.4546516787335,338
1291,15.171751446056291,88.92869941828128,122
1292,17.10258868783302,86.1668334207218,94
1293,3.209096407316565,86.15331642441011,134
1294,291.1010964307334,88.56243306264213,356
1295,13.163352101526826,88.34689279643902,96
1296,32.43681860338674,88.47006944148364,102
1297,41.474506672022926,88.44780832804508,110
1298,272.0866710655006,90.944880119147,175
1299,258.7465544332323,93.03887397190067,340
1300,36.10632303043184,93.11381428177124,110
1301,11.559920879944244,90.48013502170215,100
1302,276.0667099625182,92.88051407505229,199
1303,289.55567376855,95.30587694946071,312
1304,31.669737316779987,92.97186244560643,94
1305,28.511869764136236,93.0982497379777,121
1306,282.4909551006107,95.34400602489345,278
1307,60.3034898846079,95.48506670581422,89
1308,268.5109902809195,97.97477583310501,233
1309,5.088793536805227,97.56210234045389,129
1310,259.21901513472983,99.74558820163044,193
1311,23.287661746829855,99.52335818047187,106
1312,46.41971871812129,99.47031552382143,133
1313,5.69240049361585,99.32708030333202,95
1314,25.639167269499012,99.37081470556946,83
1315,27.332166930109963,99.15397446382467,126
1316,273.7420357504833,101.26265048343957,421
1317,292.0852022450034,103.8924697739131,189
1318,280.1913029472937,106.30189696029409,585
1319,281.5402916038976,108.72276604750661,331
1320,242.29691511831663,110.54539769796546,168
1321,65.04203878567614,110.61929273415274,110
1322,6.329993154893032,110.37275685221628,86
1323,55.06361963461313,110.57129325306738,147
1324,60.0199583238645,110.64680226291043,86
1325,45.295943520599366,110.77532976768089,173
1326,9.111996041261236,110.35347694800899,98
1327,266.5711996921401,112.64675708914386,178
1328,53.117157937561046,112.56602008020313,118
1329,59.00543629022084,110.2857629143003,127
1330,292.72997615058875,112.8482691103023,677
1331,297.9178851475347,115.44794048769161,185
1332,62.69663266506993,115.88765379698746,135
1333,54.613338975071684,113.52428107242163,102
1334,272.45361914132013,115.58617957598314,717
1335,303.95523690076726,118.40939000724579,191
1336,265.8930431894794,118.17918929814505,282
1337,258.4973631639004,120.2452178409342,192
1338,35.5827027182458,120.2411229783059,126
1339,269.5215728624304,120.3985748166066,182
1340,300.871561348976,123.18098701391563,321
1341,277.3773121901765,125.61450903391079,211
1342,251.6380445257508,125.4819087510667,153
1343,295.84125749329485,127.78928554128328,194
1344,270.4060027949041,127.43452404101907,282
1345,262.5385999722739,129.64504027012623,258
1346,321.52213279553825,132.47470363815663,268
1347,16.599760325481924,130.16487277184984,98
1348,296.68831571679846,132.80220593798182,324
1349,260.0591655872544,134.75660642550568,749
1350,250.42838889610002,136.83942039370547,209
1351,298.9658264156152,139.55569128116076,195
1352,219.1649405203519,138.90814443068464,170
1353,291.0419129543513,141.23892497371898,186
1354,286.75543207702805,143.81461064019769,295
1355,66.4713278926042,141.69057480724808,159
1356,319.99994929434774,144.49166237278652,431
1357,219.5421639808049,146.62528626591416,198
1358,248.60204278261733,148.99287490826444,179
1359,263.4556873645748,151.34055557839508,604
1360,252.8731931798818,153.57917197395633,549
1361,312.5670908068821,156.40057933371847,574
1362,263.32253592663267,156.09745879039153,412
1363,296.31998880445417,158.7472040346887,228
1364,304.95774301862497,159.13110971805557,148
1365,273.28283409074845,158.82523911407546,448
1366,240.00333464431438,158.56836120739246,146
1367,268.0357292748398,161.06330998769633,473
1368,279.75628090941575,163.75595356829396,159
1369,257.327822324076,166.0471379645873,385
1370,241.6089236631295,168.06767634040003,163
1371,279.53796956915687,170.89176482633798,430
1372,263.62964924379474,173.11577438489633,241
1373,276.7071705593395,175.98518229280504,603
1374,293.0701003839822,178.45244364774436,579
1375,266.83116641930883,180.90359517006019,134
1376,289.7591586987435,183.24363871671216,192
1377,297.72706252208616,185.93946294249298,373
1378,262.7946041590385,185.81819271748165,240
1379,253.01588856574946,187.68065856047832,363
1380,283.44180608936415,189.76910895844426,187
1381,273.88711448235404,189.9146702242197,601
1382,275.25649031483795,192.19960883320684,301
1383,296.32540118090236,194.79334516399922,302
1384,45.39280490598168,195.2561242962192,144
1385,239.20125483018614,195.0079560908212,193
1386,274.2041511501394,197.5446714196618,196
1387,220.72538555065393,196.78734083468473,185
1388,303.16386895782534,199.7199570045498,250
1389,266.4028937591735,199.76220043686874,177
1390,269.0103407188407,199.6333107525935,199
1391,295.88807363665507,202.4404739744995,189
1392,307.0818834960585,205.34026692258175,209
1393,254.92829890270426,207.85745894753566,162
1394,275.5031888270089,207.70147987149846,204
1395,309.386871278963,210.66371506327275,180
1396,53.97895442601859,210.87913642149908,143
1397,271.7823841884466,213.18221519666332,614
1398,45.80721749898757,210.91942066099816,149
1399,263.66627074827886,210.96861782414865,284
1400,298.6553814293736,213.59410840813806,207
1401,266.3865267686786,216.1423744670254,168
1402,264.71663990509103,216.0288737664511,554
1403,293.45033007907597,216.06782032955635,189
1404,257.71048729270484,218.3282278293156,155
1405,241.77990318007969,220.46090816347504,412
1406,260.3776299540272,220.23977491200924,191
1407,272.418490001368,222.36092491317683,199
1408,243.2400736768674,222.10821574713634,164
1409,44.0658522995781,222.49798633476402,138
1410,275.8481690290222,222.66427787370696,305
1411,271.6802211415536,225.1482034676542,155
1412,310.7676486364889,227.79168276683785,219
1413,266.5908350876974,230.40066711277868,191
1414,286.6921836712555,233.0111972767963,160
1415,274.2377643284393,235.48025325077958,210
1416,286.0817541117344,235.6036504343921,170
1417,291.44348291719194,235.597233241114,221
1418,245.92654840542463,235.25458569569528,174
1419,264.01464595311654,235.0793292391875,172
1420,272.060902215266,235.37696911015698,171
1421,267.74532461973126,237.40400196849754,188
1422,287.5025128841883,240.21572716579053,692
1423,287.3602632864623,242.53869360230902,215
1424,267.0026556924254,244.6085205759946,182
1425,256.82881279841683,246.72384926877277,190
1426,256.4824451677463,249.19755376003758,171
1427,289.4084510656996,249.42592627377317,398
1428,286.10371212907637,251.75579181568835,251
1429,266.3538860825258,253.82927631361142,183
1430,300.08065767633013,253.90278312886883,175
1431,291.3678457536609,253.83728273493008,169
1432,311.4667446154149,256.3249838544336,210
1433,276.301174194811,258.541862206631,164
1434,272.59492586950853,258.5432752739128,163
1435,244.7344492405714,257.95106739731085,167
1436,280.64687825390524,258.0986057479551,160
1437,306.0688000511008,258.5743201168271,234
1438,265.61404256965864,260.8746335153412,156
1439,280.1409233660698,260.9808270203776,159
1440,294.5422305260279,260.91753371214816,248
1441,299.442628124817,261.13818687149455,195
1442,265.6194548023765,261.2780009742608,181
1443,277.4762522823986,261.0943509221519,165
1444,42.83496836810414,258.81864057788385,153
1445,269.65891910838036,258.8898437692449,199
1446,296.0881388890948,258.63550383018054,207
1447,293.4320385439001,261.4038266123647,196
1448,263.2638149194002,261.06958160439063,262
1449,266.0712083395745,261.1297020319139,196
1450,308.20893458592525,261.7075074888121,315
1451,316.62711583636104,261.88412038301954,308
1452,314.04946244520477,262.8329656022681,209
1453,295.0798776353498,262.87334524907806,167
1454,266.865499180894,262.67444592011674,177
1455,254.91082721472185,264.5588409133379,145
1456,276.5173861685108,264.1240152820796,244
1457,291.40199521167904,264.8426135943883,140
1458,310.1753970638595,265.45834713720075,203
1459,283.39202602026836,265.65771052375766,183
1460,273.50063794651084,265.863984971424,201
1461,286.3415787857788,265.60172985121295,178
1462,288.63911914065557,265.85489568335316,178
1463,295.30236256757803,265.8447194209844,162
1464,277.408309477836,265.5692250855765,149
1465,284.47848019439687,265.68118154661295,158
1466,257.56987364149825,265.8568469365849,161
1467,251.58859279208068,265.6923755717573,147
1468,273.2273545688121,265.6270863083512,326
1469,287.70214621115815,265.930829547222,362
1470,284.56120849633567,266.36035239555406,393
1471,266.7677605107554,266.2326503049701,398
1472,234.8816953069951,265.9451707656021,268
1473,275.84108340959756,265.9365098941047,284
1474,281.0455128543056,265.81626401880794,238
1475,252.89046014160616,265.67685695603086,282
1476,234.3897695618038,265.12316306466147,301
1477,282.61530154799215,264.97204545492053,156
1478,235.4353580955717,264.69845299428584,277
1479,292.3802634371857,265.09209674300024,310
1480,251.20068592751235,264.7696855413817,262
1481,239.56900097689152,264.4265044063271,269
1482,247.3929248579995,264.1478687517587,234
1483,268.0853274809872,263.8654680147596,196
1484,268.63151626766194,266.09785512837635,288
1485,267.3435181190061,266.3792777612646,285
1486,288.1052889786372,266.51828913954955,201
1487,265.6696856214545,266.96773214025757,301
1488,263.67911605323263,266.5728846112117,285
1489,283.72682154188647,266.7461238890388,297
1490,280.40325965922403,266.8600530784426,184
1491,281.3507065717312,266.71467940779337,297
1492,266.9253634778696,266.3131142076114,368
1493,221.18166575825228,265.97564787616693,411
1494,282.18562985394607,266.0424722864363,326
1495,257.2508571081836,265.52111214472853,166
1496,294.544371058121,267.92676631104956,191
1497,252.9516474750932,267.738458943916,189
1498,278.4608140015226,270.06499490894134,344
1499,272.15988910051544,270.1499310924637,214
1500,280.76916021132115,269.9710688802832,171
1501,296.08287898543267,270.26803240245073,206
1502,268.0693853616582,270.3015598570164,168
1503,294.42155979674726,270.3112721541931,186
1504,253.6312743606929,270.270480024873,159
1505,303.86577545283694,270.89133874760057,178
1506,244.43408440575638,270.7319032921178,154
1507,262.15436790404726,270.62926207114464,165
1508,243.16443340226039,270.62850566839853,168
1509,276.2021737403827,272.9498688828066,170
1510,293.5206254455119,273.12659344697147,174
1511,288.0114309214604,273.28990554477053,382
1512,294.8993022957346,273.131222081363,182
1513,269.89540844566386,273.16426781494266,254
1514,309.43349705379353,273.39168094876806,175
1515,269.90721337727155,273.34837543925636,164
1516,47.302773590629116,270.9605856340453,999
1517,285.54303382602905,270.90158114313374,234
1518,257.92302778714065,271.0215459369509,337
1519,265.48714079578804,271.0362708853776,177
1520,264.34465650583354,270.95910842828323,154
1521,259.9226539920386,270.8808817220063,154
1522,253.3608550705913,270.5394651438703,162
1523,279.96539873352936,270.465516498341,266
1524,292.1222327285498,270.7167122687022,156
1525,276.22901168832095,270.9107142576013,161
1526,253.75346069029862,270.88342441282686,153
1527,263.97572881947315,270.6290971903646,159
1528,259.3802791760794,270.3618628608346,433
1529,255.88681762636315,270.257192176273,169
1530,297.873846968626,270.23512406919593,305
1531,266.7317512956162,269.9887631246155,176
1532,32.29141108466915,267.1970097893081,999
1533,302.16471151406125,267.45564516250056,248
1534,276.5191920042085,267.4948878238476,184
1535,256.09965039962367,267.6085398354381,223
1536,296.79371784889406,267.7700082313879,193
1537,283.10355590680734,267.540355789945,211
1538,302.58237766827574,267.91003914093125,176
1539,253.69702227367014,267.6456001300072,193
1540,265.811401478534,267.3582918395323,169
1541,277.2827537779997,267.1366930960641,250
1542,285.3077296731645,267.333575844772,473
1543,264.76236601483674,267.20643698209636,180
1544,305.3992489629055,269.8320797880444,167
1545,305.54876860842205,270.1909782830448,190
1546,277.32892490931863,270.003386143247,184
1547,301.9997370777173,270.08906312858517,257
1548,297.6280667452113,270.43270564684326,188
1549,288.15359014610635,270.65352946490856,221
1550,291.28077573775744,270.4842478764269,224
1551,306.26263500203453,270.38060306808364,474
1552,283.11724078411464,270.07128085147275,452
1553,263.69302820264744,269.7574123571457,204
1554,306.36822607798626,270.15243962611663,337
1555,242.8116428651983,270.03144778262146,298
1556,270.87736510539776,269.97504757199033,260
1557,290.7785294434266,269.96881291430776,172
1558,302.1119399390628,269.8881783430598,239
1559,279.81141664718484,269.85237224932894,183
1560,297.6959511910743,270.09432538177464,227
1561,280.4027214932339,270.0349368088492,208
1562,236.5092538779435,269.5136381562221,261
1563,268.31593131168415,269.24377384366306,181
1564,273.2931702522376,269.20262245140714,185
1565,279.43634593690507,269.1522011088322,358
1566,59.49804514706142,267.1714828238878,136
1567,291.0439842038287,267.56603673800527,344
1568,60.20076024151871,265.4357707947323,138
1569,252.7308106345664,265.0860574389664,229
1570,277.8431401340743,265.01887675534385,254
1571,275.3806866162469,265.1050060163987,745
1572,64.69313766135701,263.40312043994237,129
1573,302.54198693923956,263.6701294752388,355
1574,307.3340898432117,263.9330152451279,295
1575,46.517463150636246,261.86928527521815,126
1576,290.7243854998512,262.43263143459865,233
1577,275.241369594827,262.358892115067,183
1578,286.13284861213606,262.8658670202326,221
1579,58.774341828616855,260.52980780414697,133
1580,284.31207797411184,260.86092172461287,196
1581,269.92941757471874,261.16452589059116,149
1582,292.8051645997532,261.6186482880087,270
1583,293.18113545282415,261.86960636772716,430
1584,47.39404872195857,259.6572316922701,129
1585,298.1162342854089,259.96495885393415,363
1586,247.52585805685277,259.5591645447162,188
1587,275.61093361730013,259.6585770246747,143
1588,303.5221337667452,260.05700720180977,210
1589,264.5149043099077,259.86488802949003,184
1590,287.02050205968254,259.9310604534947,206
1591,304.7392676993647,260.164946064771,212
1592,263.0205088627468,260.1258975186198,532
1593,83.02974218096301,258.74437828284687,141
1594,306.38134438310124,258.98633542813843,234
1595,249.0802085492593,258.90462894254915,293
1596,60.04065240687535,256.5595917560367,141
1597,306.9269118104284,257.0993443993901,233
1598,258.74680109248146,256.90220427029965,267
1599,259.93277402384143,256.7799331195329,195
1600,303.0050502189985,257.0022920196097,372
1601,251.79583026344667,256.5594215323898,170
1602,60.89070517372991,254.48763473051054,133
1603,262.8360627484856,254.17177976002793,168
1604,280.23812256925135,254.43784824211355,146
1605,268.66589136097195,254.08584940119488,255
1606,53.380654436267974,252.1753151015,141
1607,59.97361977596643,250.15350762021913,123
1608,279.802391550686,250.51988720170343,956
1609,265.3594138514385,250.41145960281395,567
1610,271.61966292171564,250.192449977576,721
1611,255.97999844556088,249.872135652817,158
1612,250.07542885651205,249.4238969184248,572
1613,274.3099598677959,249.46804243264606,277
1614,298.5422664607612,249.3591301267158,206
1615,307.3828746232415,249.73388673917552,526
1616,289.3867381646313,252.15472638491553,975
1617,281.62790425868525,252.11557508924207,160
1618,254.73642928779515,252.08370910424864,215
1619,304.7067672072781,252.47590536836353,699
1620,266.15861791145323,252.49404498241972,843
1621,269.8116958019692,252.59293540051902,156
1622,264.1582205007792,252.70090905482093,429
1623,252.36287591631134,252.42488382664877,366
1624,263.24307824613453,252.1360922818246,185
1625,293.2657109753388,252.30645927469476,197
1626,254.84057273005075,252.31733039509228,581
1627,269.2470114786504,252.3700432216841,430
1628,290.08363972985205,252.67707682722184,182
1629,291.86561762266047,253.03686482718476,238
1630,284.30001023452587,252.90112645984377,412
1631,246.94221945142397,252.7032311414018,236
1632,77.44620081872301,253.1547790387424,172
1633,231.88397805438072,252.45197170414554,412
1634,244.48262734355487,252.131606057539,333
1635,251.35392742138714,252.08414882775662,313
1636,274.89903402774564,251.86520198954517,451
1637,268.1188508936192,251.71535493941326,592
1638,270.8458738254926,251.3979899009854,546
1639,268.429169836541,251.5453113766141,272
1640,250.36381270512024,251.39083548888001,143
1641,249.63606326881393,251.1143685837882,180
1642,243.9294862232705,250.70058614928922,387
1643,258.82535920595166,250.6412160812004,171
1644,300.9679099015249,250.5969026905866,165
1645,301.12400730643526,250.55265507756675,289
1646,293.84944955589225,250.71786032403244,240
1647,272.0108416194265,250.41797136944956,160
1648,283.79704751558995,250.27966117715332,237
1649,248.78681700588612,249.88599344575113,329
1650,286.70926174486885,249.84027830582224,309
1651,262.7869878934972,249.40552183473687,220
1652,256.62739488675174,249.14062337576328,447
1653,289.1959026065449,249.39565211980226,263
1654,271.2414029178469,249.04438388820085,169
1655,308.79779742197957,249.70424543376862,358
1656,284.45635673649747,249.84003535007963,326
1657,252.71073927712814,249.45935744841663,198
1658,275.5851444708744,249.19408949373477,370
1659,288.8214480095464,249.28418980735833,322
1660,281.530792951224,249.12253822495987,586
1661,277.5289104212703,249.09380011424022,240
1662,264.7979976491842,249.37668755195264,372
1663,259.8878038553312,249.2924062773891,570
1664,267.9912536843909,249.23938711171064,383
1665,281.77538372164184,249.26277748955795,284
1666,274.87556000500075,251.41655263813738,499
1667,254.8174203405054,251.05428699950414,456
1668,279.1045514343332,253.2433249114323,279
1669,238.70308502246505,253.10304765531134,388
1670,273.3757288127724,253.05837354209828,281
1671,315.87611179829264,253.46332779391872,285
1672,289.49411713972904,255.71133758870243,203
1673,260.5954884225489,255.29187260353558,358
1674,300.48211678496625,255.22335287295314,470
1675,264.05263299057106,257.3987045713524,816
1676,311.762789436352,257.60908861071744,723
1677,307.19349985167435,257.9286099132859,543
1678,297.2491799738201,258.03977322690275,171
1679,296.40209747734986,260.4160507833901,237
1680,287.29615980443657,260.44589160169335,560
1681,298.98591881461357,260.7364566140923,367
1682,294.8326249706731,260.7567312178015,405
1683,277.4959957937692,260.59987982121095,256
1684,307.06288426414284,263.19656817663275,214
1685,304.54781000890887,263.2608839338678,179
1686,264.64871880194175,263.4321125413187,382
1687,284.9583326199232,263.5255865313449,233
1688,262.54363146154185,263.1158015082929,445
1689,271.45644513170816,263.1852169165109,204
1690,260.6058047574087,262.9210699434882,174
1691,294.15992808269925,262.8152765473215,595
1692,256.5436967621681,262.75050842631566,166
1693,277.424336990574,264.6944543744118,197
1694,273.127597559004,264.36191690617085,711
1695,258.46424651403436,264.4557572858186,173
1696,299.71647376527966,266.85251549940267,414
1697,283.2444539115032,266.6156909204134,198
1698,36.93192489449447,264.3975421584335,106
1699,281.7004254800629,264.61521867299575,410
1700,283.9775219427724,264.42494339023347,166
1701,285.33176154709764,264.76030270306995,255
1702,253.4711092321653,266.68610674365436,150
1703,291.6576740077003,266.9743228562465,312
1704,280.79365426683637,266.9798781732223,143
1705,262.936977821471,266.9225890378273,166
1706,284.75164122967533,269.2362989057614,231
1707,273.75395435857547,271.3741022515875,254
1708,285.08926347224667,271.4269709708031,189
1709,244.04962290819213,271.21387306137063,169
1710,295.88897781838494,271.4565662103373,180
1711,252.6375249591642,271.42314147547336,216
1712,297.92784821937084,271.9016656691019,239
1713,242.64169959217867,271.5849830663457,486
1714,293.32682236120024,271.53282862535013,195
1715,238.10755754005808,270.8400754545183,506
1716,264.79142999399227,270.5941223728119,205
1717,283.6608863105423,270.61445219333046,291
1718,262.5168129917198,270.6922560303697,591
1719,300.76895390898744,270.6528778973868,415
1720,269.2422345367821,270.68371406364014,287
1721,287.479070502838,270.8603878106488,272
1722,266.0402128526996,270.879207734168,152
1723,280.7095356511047,271.162674331516,130
1724,313.66273256060254,271.6668708746606,226
1725,242.7917588513571,271.1621313534208,511
1726,262.79780711038904,271.2417036972242,641
1727,242.88477151420955,270.9780812975798,330
1728,311.75525626634146,271.1947974629447,214
1729,320.32217652981853,271.4793630520163,178
1730,312.1092240440952,271.75745519011195,295
1731,273.2618078615779,272.0206510742135,165
1732,305.8913025712393,274.30510209173866,164
1733,295.3909307395724,274.9401716185906,250
1734,281.99356808819505,275.315281026037,140
1735,278.3330921028333,275.5850726728514,307
1736,307.06031554285573,275.9066854880025,376
1737,311.42413866669466,276.33973836573324,154
1738,283.1963144685892,276.4632427721642,137
1739,307.678848493009,276.8557395587289,167
1740,256.80430726500634,276.9201445043278,475
1741,298.60620430124277,277.4098459146521,121
1742,303.2805449494166,278.0033565019135,174
1743,268.75310193793575,278.1026339292334,141
1744,282.19731107309724,277.9149279409491,176
1745,291.78141959024185,277.82150206378714,173
1746,261.36458738518354,277.49665344208006,224
1747,283.8208621509891,277.6147536473957,472
1748,194.86507525452592,276.725433924785,622
1749,264.4216106718227,276.88178186144444,150
1750,314.48339222387,277.1595231662344,157
1751,296.0255818980856,277.4919091062803,229
1752,275.65055125485384,277.6821406699613,151
1753,291.13445050526497,277.7015261489485,194
1754,295.68314531108814,277.945943572881,191
1755,42.702098294129456,275.2849865816025,138
1756,270.7638786410189,275.1480618006477,151
1757,271.5501759241439,275.3364561671179,205
1758,277.97748517319303,275.36037957414106,166
1759,290.0897351041259,275.3730624450868,202
1760,288.40040665071456,275.4417585820818,165
1761,282.41057718389834,275.490575249708,181
1762,297.26542273585727,275.81524950057474,136
1763,288.28047549949713,276.0991762170164,152
1764,294.75854690700885,276.36684914924257,194
1765,276.21063928662534,276.3112017048924,147
1766,269.31035208635217,276.2555496257059,374
1767,288.12703165041546,276.588645738805,341
1768,312.79375840407397,276.92553780850244,279
1769,277.9057863401546,277.3175648216793,214
1770,263.7552772887101,277.22136030643867,520
1771,301.13151824866515,277.0739143709424,260
1772,265.2641570676891,276.831614770222,454
1773,272.3593269768055,276.94925315576455,288
1774,292.1102410929311,276.86553439884426,159
1775,284.44023698715307,277.06941043881005,444
1776,289.1947068420178,276.84372961286675,309
1777,275.5984560154008,276.52777917450396,164
1778,283.3042574419287,276.38832994918505,178
1779,298.9355269877386,276.4136642442889,470
1780,275.872395101445,276.299426597259,308
1781,272.1459667297513,276.0310270764104,143
1782,276.94995095906665,275.85220033629435,944
1783,315.2126979270824,276.2293673576275,178
1784,284.8378017894916,276.007116532881,643
1785,244.95525409453697,275.4111909737373,242
1786,279.9734508902519,275.56443829462035,191
1787,297.63024572598266,275.69115742568096,150
1788,299.9652615089068,276.06537372615463,339
1789,268.99126349624345,276.0407219097999,287
1790,287.4778512086436,276.3094423743123,193
1791,274.3776322689863,276.11161941617513,358
1792,260.108717426613,276.14726962281964,340
1793,276.9421635161996,276.14244788807594,149
1794,262.89690289727906,276.0401409414586,173
1795,310.9062372289877,276.5645608486082,257
1796,294.59923875419344,276.5133884984973,177
1797,296.8432069324155,276.64937602870646,228
1798,280.3339625667258,279.08339640542874,191
1799,314.85722133098005,279.4149643639379,187
1800,302.4868697713256,279.60005784222346,170
1801,271.4583783731821,279.4613240104843,159
1802,255.55369279295147,279.48214984609217,216
1803,293.84789224850374,279.5040520285002,212
1804,278.8309412966128,279.48442489879795,254
1805,265.72038203089534,279.5122589408922,494
1806,304.1070850172723,279.7058133787682,175
1807,310.75878198959265,280.0758616550783,314
1808,278.605565846726,280.01102467882316,157
1809,289.6691568790542,280.46722001853175,175
1810,266.94647788092016,280.17779501915714,219
1811,256.7415395808356,280.21883516537383,159
1812,274.3811064409554,279.9833677475897,159
1813,315.02417802425117,280.7071925319104,299
1814,321.86269575382653,280.99255126583665,198
1815,289.0966592678385,281.5024422831145,263
1816,286.8034303225651,281.72256228640015,130
1817,272.2826174877374,281.60877959817213,168
1818,253.42823281317453,281.51789379638666,180
1819,284.00292044445814,281.3502334617414,184
1820,263.0685672664505,281.28849678903805,171
1821,294.59862063880746,281.3596922903978,178
1822,270.4340010600737,281.4036301724716,166
1823,275.69214313338506,281.3534562472944,154
1824,287.86452489236797,281.095474170612,174
1825,33.11816834776329,278.9987382655761,143
1826,312.15566059176786,279.49231680038986,178
1827,303.09084040845164,280.0943774893322,155
1828,281.15268789940285,279.7883518056629,161
1829,283.30370892565804,279.4181671296212,193
1830,300.84159032116895,279.305490792392,187
1831,249.78223004464056,279.0706950142227,194
1832,304.44298612470345,279.0562118497573,150
1833,287.46055445970296,278.9769080869586,267
1834,93.5809485617772,277.0927818916944,112
1835,260.27778390552226,276.9122288097213,167
1836,289.768874401814,276.73931439831085,201
1837,258.1055984317484,276.20612899596136,159
1838,276.5544028471742,276.1397098797473,150
1839,300.5650106312804,276.06857150112995,236
1840,275.9877198349894,276.26040562682977,164
1841,248.50697664105093,275.7594133502279,282
1842,286.8059453979289,275.594667354713,147
1843,294.43883164454,275.8515246517791,190
1844,294.23320907752486,275.97188363182335,193
1845,307.21407562435166,276.1262101921644,187
1846,285.9653467824518,276.37221778613707,194
1847,254.39752088527348,276.0779843734799,162
1848,285.4377357051893,276.9837109779866,198
1849,261.13310191490314,276.9508258904174,159
1850,262.04580901236415,276.42645005830235,178
1851,294.7799820380561,276.4139940597021,182
1852,296.8035170044274,276.6255237171978,156
1853,302.1364200330912,276.73554341247603,220
1854,291.8407294532218,276.69711925389737,186
1855,260.3977790202549,278.87407606115863,219
1856,262.38077753421703,278.7902450500906,153
1857,250.1051340101588,278.5757946309508,398
1858,296.8945667561109,278.7649654467799,466
1859,274.58307704414847,278.6098988661802,157
1860,284.31500590185556,278.56904485869154,233
1861,260.98473068977336,278.3547863937503,338
1862,301.94023195423773,278.4015344859341,204
1863,254.78976955104395,278.06662742644954,177
1864,260.1149387243812,277.7201913446233,147
1865,305.3319579592552,278.0114045313496,161
1866,291.0457514483435,278.22875852496946,158
1867,281.5552198990408,278.16304040745575,169
1868,302.2614499460582,278.0577173228756,191
1869,257.51719376760855,277.85383139715015,154
1870,281.82790622473834,278.0345576865104,146
1871,293.8070936236349,277.96131344026014,192
1872,272.46959974715406,278.0333678670548,190
1873,266.79457564111425,277.97772035369786,183
1874,298.57895423556556,278.0424074851242,204
1875,281.6760314932391,278.0147654301851,141
1876,296.70844655235095,278.0899028272884,198
1877,310.6699608446786,278.4406178755812,167
1878,274.1210222302532,278.34878552346447,242
1879,280.48124037578054,278.16424265734486,175
1880,290.43500551406487,278.309868761471,160
1881,302.0798652181624,278.60920774635514,156
1882,267.79040268432686,278.51761226360776,306
1883,259.9459072037456,277.9649443563744,149
1884,288.29321294170154,277.9994984678965,134
1885,274.65132167412696,278.29645914369235,171
1886,280.4342125476597,278.30106676026645,162
1887,268.5339464974701,278.0101037679814,156
1888,280.8362850382107,277.8188140032744,184
1889,298.45279730262007,278.11342934133813,178
1890,304.2941149235313,278.28159197848703,172
1891,261.2994012685017,278.15080966848217,276
1892,261.33746249582794,278.16309711917427,140
1893,284.3016151757731,278.23669163577,180
1894,273.98062804984727,278.34752888729577,176
1895,300.30836204348043,278.24155013544066,197
1896,282.97430566436606,278.1253008045424,186
1897,275.2037590998192,277.9089063262165,215
1898,302.5525767392756,278.1310924679419,198
1899,306.3585194698523,278.04610544933064,182
1900,255.4918428432461,277.57615518004985,159
1901,303.02060795923046,277.8917774759104,264
1902,243.0311215798459,277.76655176377926,227
1903,280.22477717238485,277.6303206130181,367
1904,278.61378307775885,277.62814903082955,175
1905,243.74371985433243,277.40838240906396,193
1906,293.8765135412085,277.3060766943033,177
1907,286.2573335620064,277.06106221002744,172
1908,316.47617486149454,277.4397683001751,149
1909,274.23553590836434,277.2854320904682,155
1910,272.15763824254134,277.3375436940844,215
1911,281.21551021103187,277.58228340038636,361
1912,302.9137864114614,277.86761020009135,171
1913,268.73312579109404,277.4046996777599,192
1914,283.56449146997613,277.02171763492134,162
1915,277.05321351271346,276.90128317737015,362
1916,303.9338690288631,277.07258756443315,296
1917,277.374591561987,277.1235073051756,207
1918,276.9570411029351,277.3587953880732,188
1919,292.86981605321137,277.4474643441607,273
1920,283.8098961329322,277.6548776328255,188
1921,291.9023393604128,277.62791482004155,185
1922,-11.197446403747932,274.81160034540335,82
1923,284.03489425515875,274.895027856621,184
1924,259.0945047552158,274.60732765524955,135
1925,249.39681308415132,276.7701141026135,161
1926,233.30888543109836,275.9816463510068,275
1927,37.150308708340845,273.3222410340057,95
1928,287.1668526599663,273.3823826816114,122
1929,246.79956228628657,273.01734121521764,542
1930,306.1809700100506,273.07073501210647,168
1931,294.3925705029255,273.51683841668927,207
1932,289.62710559363063,273.3686796113785,249
1933,262.6538701738489,273.12061276852,169
1934,245.79064746248469,274.6427097575271,224
1935,272.28707016349887,274.76280262010687,169
1936,304.9560580436244,274.91467445652495,225
1937,286.8049932665975,275.20166840487343,162
1938,18.62924903473902,272.62241686674906,93
1939,18.124541002466515,269.798012170461,93
1940,289.92270252027595,269.9373619973139,164
1941,271.41294549287613,270.1664216858321,184
1942,259.30555954977103,269.89141782735055,160
1943,291.7986536269543,269.86501604717466,171
1944,37.27819564000572,267.2954659127995,84
1945,296.1911874080246,267.1852370306362,582
1946,304.9159277576508,267.3747428403882,185
1947,21.729709959498607,265.0480647311304,87
1948,25.3492802578767,262.4471801766573,76
1949,306.1264619969748,262.897113777478,208
1950,296.1666369830691,263.238322057185,159
1951,290.4928796946284,263.19545103375077,216
1952,280.4372692037845,263.03178855574436,149
1953,3.241539892436137,260.04283975433776,87
1954,-5.201357691894955,257.0724188828866,81
1955,-18.871236862093227,254.27972872406315,75
1956,278.00398861807145,254.43596083490166,276
1957,281.4799686438879,254.74970918123898,342
1958,270.6180597387028,254.48694411106487,144
1959,45.835871797020445,252.19947205859367,74
1960,265.8498681642173,252.01482068121723,209
1961,300.24843542278506,252.40745772854737,204
1962,22.67987272532754,249.61485413625823,91
1963,270.040781563784,249.76736425638566,348
1964,279.6527423433687,249.96274229257554,196
1965,294.18673240157784,249.85129003699876,251
1966,35.20362222950715,247.2928687448104,95
1967,255.4948744760242,247.03226529058026,472
1968,7.314785684442484,244.08279864796404,66
1969,294.65978223098745,244.45422453259786,149
1970,312.3600438345103,244.75954590869563,136
1971,273.8483110413048,244.55995808287224,168
1972,276.3831146770426,244.59909323217119,168
1973,259.7014743798123,244.52816221955814,504
1974,14.565159603008098,241.6880242732326,61
1975,281.6062082296655,241.68732604059682,410
1976,40.58771957762983,239.12611877084964,64
1977,284.17517889968235,238.86117095139966,463
1978,289.1980384468082,239.01194111356523,355
1979,39.37299686361328,236.60085867844356,69
1980,263.155168900587,236.32806031230874,169
1981,-14.037375661251232,233.1668879035146,73
1982,37.38602618449701,230.86284413851635,102
1983,4.36093521826524,228.30699441866153,77
1984,5.488124721279263,225.4789435364573,88
1985,254.6309834039032,225.27874015375502,233
1986,292.7086080416359,225.40148410869483,149
1987,304.1379621345386,225.7575242650655,190
1988,301.66336772051136,225.9657950918885,221
1989,269.4310821815991,225.6755779406783,189
1990,307.95037265717724,225.71214051801473,152
1991,259.2283162864657,225.6914296681944,158
1992,280.3243722969803,225.881298766206,173
1993,298.9198842356714,226.02748145680496,138
1994,2.9484477825331084,223.31715965413176,74
1995,263.8948930060732,222.95302496375768,159
1996,286.8707615320434,222.9919895224344,168
1997,232.16457143836516,222.56159764581992,158
1998,241.62265132283972,221.95229839165552,217
1999,264.1526298809521,221.53023949576655,162
